,links,Title,Details,Price,Rating
0,,,,,
1,https://www.airbnb.ca/rooms/4359370?check_in=2022-06-08&check_out=2022-06-10&previous_page_section_name=1000&federated_search_id=19503a61-2ac2-4af6-a967-e418a02b8fbf,Apartment in Honolulu,2 beds,$179 CAD,4.61
2,https://www.airbnb.ca/rooms/26332505?check_in=2022-06-08&check_out=2022-06-10&previous_page_section_name=1000&federated_search_id=19503a61-2ac2-4af6-a967-e418a02b8fbf,Private room in Hauula,1 queen bed,$235 CAD,4.32
3,https://www.airbnb.ca/rooms/559459799735546548?check_in=2022-06-08&check_out=2022-06-10&previous_page_section_name=1000&federated_search_id=19503a61-2ac2-4af6-a967-e418a02b8fbf,Condo in Maunaloa,1 queen bed,$241 CAD,5
4,https://www.airbnb.ca/rooms/583462764302500275?check_in=2022-06-08&check_out=2022-06-10&previous_page_section_name=1000&federated_search_id=19503a61-2ac2-4af6-a967-e418a02b8fbf,Private room in Haleiwa,1 bed,$174 CAD,4.33
5,https://www.airbnb.ca/rooms/605878936377192229?check_in=2022-06-08&check_out=2022-06-10&previous_page_section_name=1000&federated_search_id=19503a61-2ac2-4af6-a967-e418a02b8fbf,Condo in Waianae,3 beds,$207 CAD,New
6,https://www.airbnb.ca/rooms/634287587466599016?check_in=2022-06-08&check_out=2022-06-10&previous_page_section_name=1000&federated_search_id=19503a61-2ac2-4af6-a967-e418a02b8fbf,Farm stay in Honolulu,1 bed,$191 CAD,New
7,https://www.airbnb.ca/rooms/49620029?check_in=2022-06-08&check_out=2022-06-10&previous_page_section_name=1000&federated_search_id=19503a61-2ac2-4af6-a967-e418a02b8fbf,Condo in Kaunakakai,2 beds,$277 CAD,5
8,https://www.airbnb.ca/rooms/44182841?check_in=2022-06-08&check_out=2022-06-10&previous_page_section_name=1000&federated_search_id=19503a61-2ac2-4af6-a967-e418a02b8fbf,Campsite in Haleiwa,2 beds,$82 CAD,4.7
9,https://www.airbnb.ca/rooms/43741696?check_in=2022-06-08&check_out=2022-06-10&previous_page_section_name=1000&federated_search_id=19503a61-2ac2-4af6-a967-e418a02b8fbf,Resort in Kapolei,2 beds,$629 CAD,New
10,https://www.airbnb.ca/rooms/49672006?check_in=2022-06-08&check_out=2022-06-10&previous_page_section_name=1000&federated_search_id=19503a61-2ac2-4af6-a967-e418a02b8fbf,Camper/RV in Honolulu,1 double bed,$206 CAD,4.87
11,https://www.airbnb.ca/rooms/39130532?check_in=2022-06-08&check_out=2022-06-10&previous_page_section_name=1000&federated_search_id=19503a61-2ac2-4af6-a967-e418a02b8fbf,Private room in Wailuku,1 king bed,$247 CAD,4.55
12,https://www.airbnb.ca/rooms/46836514?check_in=2022-06-08&check_out=2022-06-10&previous_page_section_name=1000&federated_search_id=19503a61-2ac2-4af6-a967-e418a02b8fbf,Condo in Kaunakakai,2 beds,$244 CAD,4.78
13,https://www.airbnb.ca/rooms/9731094?check_in=2022-06-08&check_out=2022-06-10&previous_page_section_name=1000&federated_search_id=19503a61-2ac2-4af6-a967-e418a02b8fbf,Private room in Kihei,1 queen bed,$353 CAD,4.98
14,https://www.airbnb.ca/rooms/51623790?check_in=2022-06-08&check_out=2022-06-10&previous_page_section_name=1000&federated_search_id=19503a61-2ac2-4af6-a967-e418a02b8fbf,Camper/RV in Kailua,1 bed,$322 CAD,4.55
15,https://www.airbnb.ca/rooms/28264848?check_in=2022-06-08&check_out=2022-06-10&previous_page_section_name=1000&federated_search_id=19503a61-2ac2-4af6-a967-e418a02b8fbf,Condo in Lahaina,3 beds,$943 CAD,4.8
16,https://www.airbnb.ca/rooms/26216325?check_in=2022-06-08&check_out=2022-06-10&previous_page_section_name=1000&federated_search_id=19503a61-2ac2-4af6-a967-e418a02b8fbf,Apartment in Paia,1 queen bed,$459 CAD,4.71
17,https://www.airbnb.ca/rooms/577138575770529563?check_in=2022-06-08&check_out=2022-06-10&previous_page_section_name=1000&federated_search_id=19503a61-2ac2-4af6-a967-e418a02b8fbf,Vacation home in Kihei,2 beds,$639 CAD,5
18,https://www.airbnb.ca/rooms/274808?check_in=2022-06-08&check_out=2022-06-10&previous_page_section_name=1000&federated_search_id=19503a61-2ac2-4af6-a967-e418a02b8fbf,Condo in Lahaina,1 bed,$461 CAD,4.65
19,https://www.airbnb.ca/rooms/517538024678435791?check_in=2022-06-08&check_out=2022-06-10&previous_page_section_name=1000&federated_search_id=19503a61-2ac2-4af6-a967-e418a02b8fbf,Camper/RV in Waipahu,1 bed,$203 CAD,5
20,https://www.airbnb.ca/rooms/630399927198615857?check_in=2022-06-08&check_out=2022-06-10&previous_page_section_name=1000&federated_search_id=19503a61-2ac2-4af6-a967-e418a02b8fbf,Camper/RV in Makawao,1 bed,$165 CAD,5
21,https://www.airbnb.ca/rooms/51537600?check_in=2022-06-08&check_out=2022-06-10&previous_page_section_name=1000&federated_search_id=93667dc5-a1f8-4ea8-971b-f7d107e4b754,Condo in Waikiki,2 beds,$169 CAD,4.96
22,https://www.airbnb.ca/rooms/604487308538164673?check_in=2022-06-08&check_out=2022-06-10&previous_page_section_name=1000&federated_search_id=93667dc5-a1f8-4ea8-971b-f7d107e4b754,Condo in Waikiki,1 bed,$211 CAD,5
23,https://www.airbnb.ca/rooms/43368032?check_in=2022-06-08&check_out=2022-06-10&previous_page_section_name=1000&federated_search_id=93667dc5-a1f8-4ea8-971b-f7d107e4b754,Private room in Honolulu,2 beds,$158 CAD,4.65
24,https://www.airbnb.ca/rooms/595872659910570449?check_in=2022-06-08&check_out=2022-06-10&previous_page_section_name=1000&federated_search_id=93667dc5-a1f8-4ea8-971b-f7d107e4b754,Hotel room in Waikiki,1 bed,$200 CAD,5
25,https://www.airbnb.ca/rooms/31385530?check_in=2022-06-08&check_out=2022-06-10&previous_page_section_name=1000&federated_search_id=93667dc5-a1f8-4ea8-971b-f7d107e4b754,Bed and breakfast in Waikiki,1 bed,$177 CAD,4.54
26,https://www.airbnb.ca/rooms/44651252?check_in=2022-06-08&check_out=2022-06-10&previous_page_section_name=1000&federated_search_id=93667dc5-a1f8-4ea8-971b-f7d107e4b754,Apartment in Waikiki,1 queen bed,$233 CAD,4.84
27,https://www.airbnb.ca/rooms/26063949?check_in=2022-06-08&check_out=2022-06-10&previous_page_section_name=1000&federated_search_id=93667dc5-a1f8-4ea8-971b-f7d107e4b754,Hotel room in Waikiki,1 king bed,$223 CAD,4.56
28,https://www.airbnb.ca/rooms/42538478?check_in=2022-06-08&check_out=2022-06-10&previous_page_section_name=1000&federated_search_id=93667dc5-a1f8-4ea8-971b-f7d107e4b754,Condo in Waikiki,1 queen bed,$206 CAD,4.67
29,https://www.airbnb.ca/rooms/30065262?check_in=2022-06-08&check_out=2022-06-10&previous_page_section_name=1000&federated_search_id=93667dc5-a1f8-4ea8-971b-f7d107e4b754,Condo in Waikiki,1 bed,$207 CAD,4.69
30,https://www.airbnb.ca/rooms/616173660308756616?check_in=2022-06-08&check_out=2022-06-10&previous_page_section_name=1000&federated_search_id=93667dc5-a1f8-4ea8-971b-f7d107e4b754,Condo in Honolulu,2 beds,$309 CAD,New
31,https://www.airbnb.ca/rooms/31697373?check_in=2022-06-08&check_out=2022-06-10&previous_page_section_name=1000&federated_search_id=93667dc5-a1f8-4ea8-971b-f7d107e4b754,Apartment in Waikiki,2 double beds,$184 CAD,4.65
32,https://www.airbnb.ca/rooms/39346493?check_in=2022-06-08&check_out=2022-06-10&previous_page_section_name=1000&federated_search_id=93667dc5-a1f8-4ea8-971b-f7d107e4b754,Apartment in Waikiki,1 bed,$244 CAD,4.78
33,https://www.airbnb.ca/rooms/40308439?check_in=2022-06-08&check_out=2022-06-10&previous_page_section_name=1000&federated_search_id=93667dc5-a1f8-4ea8-971b-f7d107e4b754,Condo in Waikiki,3 beds,$231 CAD,4.74
34,https://www.airbnb.ca/rooms/46949393?check_in=2022-06-08&check_out=2022-06-10&previous_page_section_name=1000&federated_search_id=93667dc5-a1f8-4ea8-971b-f7d107e4b754,Condo in Waikiki,2 queen beds,$322 CAD,4.75
35,https://www.airbnb.ca/rooms/39445028?check_in=2022-06-08&check_out=2022-06-10&previous_page_section_name=1000&federated_search_id=93667dc5-a1f8-4ea8-971b-f7d107e4b754,Hotel room in Waikiki,1 queen bed,$259 CAD,4.38
36,https://www.airbnb.ca/rooms/53092360?check_in=2022-06-08&check_out=2022-06-10&previous_page_section_name=1000&federated_search_id=93667dc5-a1f8-4ea8-971b-f7d107e4b754,Condo in Waikiki,2 beds,$285 CAD,4.76
37,https://www.airbnb.ca/rooms/36352152?check_in=2022-06-08&check_out=2022-06-10&previous_page_section_name=1000&federated_search_id=93667dc5-a1f8-4ea8-971b-f7d107e4b754,Condo in Honolulu,1 bed,$181 CAD,4.63
38,https://www.airbnb.ca/rooms/53974649?check_in=2022-06-08&check_out=2022-06-10&previous_page_section_name=1000&federated_search_id=93667dc5-a1f8-4ea8-971b-f7d107e4b754,Private room in Waikiki,1 bed,$181 CAD,5
39,https://www.airbnb.ca/rooms/616890379852307855?check_in=2022-06-08&check_out=2022-06-10&previous_page_section_name=1000&federated_search_id=93667dc5-a1f8-4ea8-971b-f7d107e4b754,Condo in Honolulu,2 double beds,$298 CAD,5
40,https://www.airbnb.ca/rooms/49612187?check_in=2022-06-08&check_out=2022-06-10&previous_page_section_name=1000&federated_search_id=93667dc5-a1f8-4ea8-971b-f7d107e4b754,Condo in Waikiki,1 bed,$202 CAD,4.81
41,https://www.airbnb.ca/rooms/510340660363628122?check_in=2022-06-08&check_out=2022-06-10&previous_page_section_name=1000&federated_search_id=23fdd035-9463-40a4-ae91-59f9c7e1e396,Apartment in Waikiki,,$289 CAD,4.6
42,https://www.airbnb.ca/rooms/32023730?check_in=2022-06-08&check_out=2022-06-10&previous_page_section_name=1000&federated_search_id=23fdd035-9463-40a4-ae91-59f9c7e1e396,Apartment in Waikiki,1 queen bed,$288 CAD,4.8
43,https://www.airbnb.ca/rooms/40210805?check_in=2022-06-08&check_out=2022-06-10&previous_page_section_name=1000&federated_search_id=23fdd035-9463-40a4-ae91-59f9c7e1e396,Condo in Waikiki,2 beds,$249 CAD,4.91
44,https://www.airbnb.ca/rooms/54265596?check_in=2022-06-08&check_out=2022-06-10&previous_page_section_name=1000&federated_search_id=23fdd035-9463-40a4-ae91-59f9c7e1e396,Hotel room in Waikiki,2 beds,$201 CAD,4.84
45,https://www.airbnb.ca/rooms/43237326?check_in=2022-06-08&check_out=2022-06-10&previous_page_section_name=1000&federated_search_id=23fdd035-9463-40a4-ae91-59f9c7e1e396,Hotel room in Waikiki,2 beds,$295 CAD,4.47
46,https://www.airbnb.ca/rooms/22450443?check_in=2022-06-08&check_out=2022-06-10&previous_page_section_name=1000&federated_search_id=23fdd035-9463-40a4-ae91-59f9c7e1e396,Apartment in Waikiki,3 beds,$369 CAD,4.74
47,https://www.airbnb.ca/rooms/11463870?check_in=2022-06-08&check_out=2022-06-10&previous_page_section_name=1000&federated_search_id=23fdd035-9463-40a4-ae91-59f9c7e1e396,Condo in Waikiki,1 queen bed,$283 CAD,4.31
48,https://www.airbnb.ca/rooms/10761636?check_in=2022-06-08&check_out=2022-06-10&previous_page_section_name=1000&federated_search_id=23fdd035-9463-40a4-ae91-59f9c7e1e396,Hotel room in Waikiki,3 beds,$293 CAD,4.81
49,https://www.airbnb.ca/rooms/9480601?check_in=2022-06-08&check_out=2022-06-10&previous_page_section_name=1000&federated_search_id=23fdd035-9463-40a4-ae91-59f9c7e1e396,Condo in Waikiki,1 queen bed,$309 CAD,4.52
50,https://www.airbnb.ca/rooms/28642163?check_in=2022-06-08&check_out=2022-06-10&previous_page_section_name=1000&federated_search_id=23fdd035-9463-40a4-ae91-59f9c7e1e396,Condo in Waikiki,1 queen bed,$257 CAD,4.35
51,https://www.airbnb.ca/rooms/34749923?check_in=2022-06-08&check_out=2022-06-10&previous_page_section_name=1000&federated_search_id=23fdd035-9463-40a4-ae91-59f9c7e1e396,Hotel room in Waikiki,1 queen bed,$236 CAD,4.37
52,https://www.airbnb.ca/rooms/39800452?check_in=2022-06-08&check_out=2022-06-10&previous_page_section_name=1000&federated_search_id=23fdd035-9463-40a4-ae91-59f9c7e1e396,Condo in Waikiki,2 queen beds,$287 CAD,4.07
53,https://www.airbnb.ca/rooms/39221519?check_in=2022-06-08&check_out=2022-06-10&previous_page_section_name=1000&federated_search_id=23fdd035-9463-40a4-ae91-59f9c7e1e396,Hotel room in Waikiki,1 king bed,$280 CAD,4.26
54,https://www.airbnb.ca/rooms/22493806?check_in=2022-06-08&check_out=2022-06-10&previous_page_section_name=1000&federated_search_id=23fdd035-9463-40a4-ae91-59f9c7e1e396,Condo in Waikiki,1 queen bed,$191 CAD,4.45
55,https://www.airbnb.ca/rooms/34749328?check_in=2022-06-08&check_out=2022-06-10&previous_page_section_name=1000&federated_search_id=23fdd035-9463-40a4-ae91-59f9c7e1e396,Hotel room in Waikiki,1 queen bed,$214 CAD,4.63
56,https://www.airbnb.ca/rooms/35417647?check_in=2022-06-08&check_out=2022-06-10&previous_page_section_name=1000&federated_search_id=23fdd035-9463-40a4-ae91-59f9c7e1e396,Condo in Waikiki,2 beds,$332 CAD,4.78
57,https://www.airbnb.ca/rooms/613833500648225692?check_in=2022-06-08&check_out=2022-06-10&previous_page_section_name=1000&federated_search_id=23fdd035-9463-40a4-ae91-59f9c7e1e396,Hotel room in Honolulu,2 beds,$317 CAD,New
58,https://www.airbnb.ca/rooms/51962027?check_in=2022-06-08&check_out=2022-06-10&previous_page_section_name=1000&federated_search_id=23fdd035-9463-40a4-ae91-59f9c7e1e396,Apartment in Waikiki,1 king bed,$288 CAD,4.64
59,https://www.airbnb.ca/rooms/607196132376474094?check_in=2022-06-08&check_out=2022-06-10&previous_page_section_name=1000&federated_search_id=23fdd035-9463-40a4-ae91-59f9c7e1e396,Apartment in Waikiki,3 beds,$329 CAD,New
60,https://www.airbnb.ca/rooms/46218236?check_in=2022-06-08&check_out=2022-06-10&previous_page_section_name=1000&federated_search_id=23fdd035-9463-40a4-ae91-59f9c7e1e396,Condo in Waikiki,2 double beds,$343 CAD,4.91
61,https://www.airbnb.ca/rooms/43487910?check_in=2022-06-08&check_out=2022-06-10&previous_page_section_name=1000&federated_search_id=1cffaf49-8aad-4930-88d5-41ef580ba7a5,Condo in Honolulu,2 double beds,$169 CAD,4.17
62,https://www.airbnb.ca/rooms/640960065077382736?check_in=2022-06-08&check_out=2022-06-10&previous_page_section_name=1000&federated_search_id=1cffaf49-8aad-4930-88d5-41ef580ba7a5,Condo in Honolulu,1 bed,$231 CAD,New
63,https://www.airbnb.ca/rooms/49178354?check_in=2022-06-08&check_out=2022-06-10&previous_page_section_name=1000&federated_search_id=1cffaf49-8aad-4930-88d5-41ef580ba7a5,Condo in Honolulu,1 bed,$265 CAD,4.73
64,https://www.airbnb.ca/rooms/21373363?check_in=2022-06-08&check_out=2022-06-10&previous_page_section_name=1000&federated_search_id=1cffaf49-8aad-4930-88d5-41ef580ba7a5,Hotel room in Honolulu,1 queen bed,$246 CAD,4.86
65,https://www.airbnb.ca/rooms/27466787?check_in=2022-06-08&check_out=2022-06-10&previous_page_section_name=1000&federated_search_id=1cffaf49-8aad-4930-88d5-41ef580ba7a5,Hotel room in Honolulu,2 double beds,$223 CAD,4.45
66,https://www.airbnb.ca/rooms/51732488?check_in=2022-06-08&check_out=2022-06-10&previous_page_section_name=1000&federated_search_id=1cffaf49-8aad-4930-88d5-41ef580ba7a5,Condo in Maunaloa,1 queen bed,$238 CAD,4.6
67,https://www.airbnb.ca/rooms/40760402?check_in=2022-06-08&check_out=2022-06-10&previous_page_section_name=1000&federated_search_id=1cffaf49-8aad-4930-88d5-41ef580ba7a5,Condo in Kahuku,2 beds,$617 CAD,4.99
68,https://www.airbnb.ca/rooms/29594275?check_in=2022-06-08&check_out=2022-06-10&previous_page_section_name=1000&federated_search_id=1cffaf49-8aad-4930-88d5-41ef580ba7a5,Apartment in Honolulu,2 beds,$644 CAD,4.93
69,https://www.airbnb.ca/rooms/550129123749707295?check_in=2022-06-08&check_out=2022-06-10&previous_page_section_name=1000&federated_search_id=1cffaf49-8aad-4930-88d5-41ef580ba7a5,Condo in Honolulu,1 bed,$314 CAD,5
70,https://www.airbnb.ca/rooms/45304581?check_in=2022-06-08&check_out=2022-06-10&previous_page_section_name=1000&federated_search_id=1cffaf49-8aad-4930-88d5-41ef580ba7a5,Condo in Honolulu,1 bed,$222 CAD,4.67
71,https://www.airbnb.ca/rooms/641649162256286111?check_in=2022-06-08&check_out=2022-06-10&previous_page_section_name=1000&federated_search_id=1cffaf49-8aad-4930-88d5-41ef580ba7a5,Camper/RV in Laie,1 bed,$163 CAD,New
72,https://www.airbnb.ca/rooms/49949197?check_in=2022-06-08&check_out=2022-06-10&previous_page_section_name=1000&federated_search_id=1cffaf49-8aad-4930-88d5-41ef580ba7a5,Private room in Honolulu,2 double beds,$210 CAD,New
73,https://www.airbnb.ca/rooms/39754100?check_in=2022-06-08&check_out=2022-06-10&previous_page_section_name=1000&federated_search_id=1cffaf49-8aad-4930-88d5-41ef580ba7a5,Apartment in Honolulu,1 bed,$230 CAD,4.5
74,https://www.airbnb.ca/rooms/43971514?check_in=2022-06-08&check_out=2022-06-10&previous_page_section_name=1000&federated_search_id=1cffaf49-8aad-4930-88d5-41ef580ba7a5,Condo in Honolulu,1 bed,$268 CAD,4.9
75,https://www.airbnb.ca/rooms/54265405?check_in=2022-06-08&check_out=2022-06-10&previous_page_section_name=1000&federated_search_id=1cffaf49-8aad-4930-88d5-41ef580ba7a5,Hotel room in Honolulu,1 king bed,$232 CAD,4.75
76,https://www.airbnb.ca/rooms/20697327?check_in=2022-06-08&check_out=2022-06-10&previous_page_section_name=1000&federated_search_id=1cffaf49-8aad-4930-88d5-41ef580ba7a5,Apartment in Honolulu,2 beds,$270 CAD,4.59
77,https://www.airbnb.ca/rooms/51962056?check_in=2022-06-08&check_out=2022-06-10&previous_page_section_name=1000&federated_search_id=1cffaf49-8aad-4930-88d5-41ef580ba7a5,Apartment in Honolulu,2 double beds,$302 CAD,4.66
78,https://www.airbnb.ca/rooms/53902903?check_in=2022-06-08&check_out=2022-06-10&previous_page_section_name=1000&federated_search_id=1cffaf49-8aad-4930-88d5-41ef580ba7a5,Camper/RV in Haleiwa,1 bed,$183 CAD,5
79,https://www.airbnb.ca/rooms/572725380928636199?check_in=2022-06-08&check_out=2022-06-10&previous_page_section_name=1000&federated_search_id=1cffaf49-8aad-4930-88d5-41ef580ba7a5,Condo in Hauula,2 beds,$388 CAD,4.38
80,https://www.airbnb.ca/rooms/47519602?check_in=2022-06-08&check_out=2022-06-10&previous_page_section_name=1000&federated_search_id=1cffaf49-8aad-4930-88d5-41ef580ba7a5,Apartment in Honolulu,1 queen bed,$284 CAD,4.82
81,https://www.airbnb.ca/rooms/53927982?check_in=2022-06-08&check_out=2022-06-10&previous_page_section_name=1000&federated_search_id=87733387-19e8-4941-9e72-add70df26c56,Condo in Honolulu,1 bed,$347 CAD,4.5
82,https://www.airbnb.ca/rooms/19530374?check_in=2022-06-08&check_out=2022-06-10&previous_page_section_name=1000&federated_search_id=87733387-19e8-4941-9e72-add70df26c56,Condo in Honolulu,2 beds,$352 CAD,4.68
83,https://www.airbnb.ca/rooms/13100575?check_in=2022-06-08&check_out=2022-06-10&previous_page_section_name=1000&federated_search_id=87733387-19e8-4941-9e72-add70df26c56,Condo in Honolulu,2 beds,$194 CAD,4.4
84,https://www.airbnb.ca/rooms/49865625?check_in=2022-06-08&check_out=2022-06-10&previous_page_section_name=1000&federated_search_id=87733387-19e8-4941-9e72-add70df26c56,Condo in Honolulu,3 beds,$495 CAD,4.94
85,https://www.airbnb.ca/rooms/53908554?check_in=2022-06-08&check_out=2022-06-10&previous_page_section_name=1000&federated_search_id=87733387-19e8-4941-9e72-add70df26c56,Apartment in Honolulu,1 bed,$243 CAD,3.86
86,https://www.airbnb.ca/rooms/51671390?check_in=2022-06-08&check_out=2022-06-10&previous_page_section_name=1000&federated_search_id=87733387-19e8-4941-9e72-add70df26c56,Condo in Honolulu,2 double beds,$263 CAD,4.78
87,https://www.airbnb.ca/rooms/50055137?check_in=2022-06-08&check_out=2022-06-10&previous_page_section_name=1000&federated_search_id=87733387-19e8-4941-9e72-add70df26c56,Private room in Honolulu,2 double beds,$218 CAD,4.6
88,https://www.airbnb.ca/rooms/33442082?check_in=2022-06-08&check_out=2022-06-10&previous_page_section_name=1000&federated_search_id=87733387-19e8-4941-9e72-add70df26c56,Condo in Honolulu,3 beds,$523 CAD,4.95
89,https://www.airbnb.ca/rooms/34749259?check_in=2022-06-08&check_out=2022-06-10&previous_page_section_name=1000&federated_search_id=87733387-19e8-4941-9e72-add70df26c56,Hotel room in Honolulu,2 double beds,$229 CAD,4.29
90,https://www.airbnb.ca/rooms/54084557?check_in=2022-06-08&check_out=2022-06-10&previous_page_section_name=1000&federated_search_id=87733387-19e8-4941-9e72-add70df26c56,Apartment in Honolulu,2 double beds,$352 CAD,4.67
91,https://www.airbnb.ca/rooms/47117813?check_in=2022-06-08&check_out=2022-06-10&previous_page_section_name=1000&federated_search_id=87733387-19e8-4941-9e72-add70df26c56,Bungalow in Haleiwa,2 beds,"$1,279 CAD",5
92,https://www.airbnb.ca/rooms/580448647645440431?check_in=2022-06-08&check_out=2022-06-10&previous_page_section_name=1000&federated_search_id=87733387-19e8-4941-9e72-add70df26c56,Camper/RV in Hauula,1 bed,$269 CAD,4.86
93,https://www.airbnb.ca/rooms/43237129?check_in=2022-06-08&check_out=2022-06-10&previous_page_section_name=1000&federated_search_id=87733387-19e8-4941-9e72-add70df26c56,Hotel room in Honolulu,2 beds,$280 CAD,3.38
94,https://www.airbnb.ca/rooms/47529549?check_in=2022-06-08&check_out=2022-06-10&previous_page_section_name=1000&federated_search_id=87733387-19e8-4941-9e72-add70df26c56,Condo in Honolulu,1 double bed,$210 CAD,4.68
95,https://www.airbnb.ca/rooms/30970887?check_in=2022-06-08&check_out=2022-06-10&previous_page_section_name=1000&federated_search_id=87733387-19e8-4941-9e72-add70df26c56,Apartment in Honolulu,5 beds,$580 CAD,4.73
96,https://www.airbnb.ca/rooms/4615180?check_in=2022-06-08&check_out=2022-06-10&previous_page_section_name=1000&federated_search_id=87733387-19e8-4941-9e72-add70df26c56,Apartment in Kahuku,3 beds,$460 CAD,4.81
97,https://www.airbnb.ca/rooms/52704138?check_in=2022-06-08&check_out=2022-06-10&previous_page_section_name=1000&federated_search_id=87733387-19e8-4941-9e72-add70df26c56,Condo in Honolulu,2 beds,$562 CAD,4.91
98,https://www.airbnb.ca/rooms/8241265?check_in=2022-06-08&check_out=2022-06-10&previous_page_section_name=1000&federated_search_id=87733387-19e8-4941-9e72-add70df26c56,Condo in Honolulu,2 beds,$399 CAD,4.75
99,https://www.airbnb.ca/rooms/582633674471792545?check_in=2022-06-08&check_out=2022-06-10&previous_page_section_name=1000&federated_search_id=87733387-19e8-4941-9e72-add70df26c56,Apartment in Honolulu,2 beds,$478 CAD,4.67
100,https://www.airbnb.ca/rooms/43237567?check_in=2022-06-08&check_out=2022-06-10&previous_page_section_name=1000&federated_search_id=87733387-19e8-4941-9e72-add70df26c56,Hotel room in Honolulu,2 beds,$355 CAD,4.82
101,https://www.airbnb.ca/rooms/23311045?check_in=2022-06-08&check_out=2022-06-10&previous_page_section_name=1000&federated_search_id=ae195523-da6c-47d9-8288-df2018506dad,Condo in Honolulu,6 beds,$663 CAD,4.65
102,https://www.airbnb.ca/rooms/34749328?check_in=2022-06-08&check_out=2022-06-10&previous_page_section_name=1000&federated_search_id=ae195523-da6c-47d9-8288-df2018506dad,Hotel room in Honolulu,1 queen bed,$214 CAD,4.63
103,https://www.airbnb.ca/rooms/54085786?check_in=2022-06-08&check_out=2022-06-10&previous_page_section_name=1000&federated_search_id=ae195523-da6c-47d9-8288-df2018506dad,Apartment in Honolulu,1 bed,$294 CAD,4.56
104,https://www.airbnb.ca/rooms/54108839?check_in=2022-06-08&check_out=2022-06-10&previous_page_section_name=1000&federated_search_id=ae195523-da6c-47d9-8288-df2018506dad,Apartment in Honolulu,2 beds,$363 CAD,4.75
105,https://www.airbnb.ca/rooms/611668448797208293?check_in=2022-06-08&check_out=2022-06-10&previous_page_section_name=1000&federated_search_id=ae195523-da6c-47d9-8288-df2018506dad,Guest suite in Laie,2 beds,$271 CAD,New
106,https://www.airbnb.ca/rooms/637693179449419763?check_in=2022-06-08&check_out=2022-06-10&previous_page_section_name=1000&federated_search_id=ae195523-da6c-47d9-8288-df2018506dad,Condo in Honolulu,2 beds,$416 CAD,New
107,https://www.airbnb.ca/rooms/27466787?check_in=2022-06-08&check_out=2022-06-10&previous_page_section_name=1000&federated_search_id=ae195523-da6c-47d9-8288-df2018506dad,Hotel room in Honolulu,2 double beds,$223 CAD,4.45
108,https://www.airbnb.ca/rooms/43237129?check_in=2022-06-08&check_out=2022-06-10&previous_page_section_name=1000&federated_search_id=ae195523-da6c-47d9-8288-df2018506dad,Hotel room in Honolulu,2 beds,$280 CAD,3.38
109,https://www.airbnb.ca/rooms/47529549?check_in=2022-06-08&check_out=2022-06-10&previous_page_section_name=1000&federated_search_id=ae195523-da6c-47d9-8288-df2018506dad,Condo in Honolulu,1 double bed,$210 CAD,4.68
110,https://www.airbnb.ca/rooms/21026015?check_in=2022-06-08&check_out=2022-06-10&previous_page_section_name=1000&federated_search_id=ae195523-da6c-47d9-8288-df2018506dad,Home in Honolulu,1 bed,$266 CAD,4.33
111,https://www.airbnb.ca/rooms/53265474?check_in=2022-06-08&check_out=2022-06-10&previous_page_section_name=1000&federated_search_id=ae195523-da6c-47d9-8288-df2018506dad,Condo in Honolulu,2 beds,$665 CAD,5
112,https://www.airbnb.ca/rooms/54129945?check_in=2022-06-08&check_out=2022-06-10&previous_page_section_name=1000&federated_search_id=ae195523-da6c-47d9-8288-df2018506dad,Apartment in Honolulu,2 beds,$302 CAD,5
113,https://www.airbnb.ca/rooms/51962056?check_in=2022-06-08&check_out=2022-06-10&previous_page_section_name=1000&federated_search_id=ae195523-da6c-47d9-8288-df2018506dad,Apartment in Honolulu,2 double beds,$302 CAD,4.66
114,https://www.airbnb.ca/rooms/46683195?check_in=2022-06-08&check_out=2022-06-10&previous_page_section_name=1000&federated_search_id=ae195523-da6c-47d9-8288-df2018506dad,Condo in Honolulu,3 beds,$323 CAD,4.65
115,https://www.airbnb.ca/rooms/28037364?check_in=2022-06-08&check_out=2022-06-10&previous_page_section_name=1000&federated_search_id=ae195523-da6c-47d9-8288-df2018506dad,Condo in Honolulu,1 bed,$319 CAD,3.9
116,https://www.airbnb.ca/rooms/18949172?check_in=2022-06-08&check_out=2022-06-10&previous_page_section_name=1000&federated_search_id=ae195523-da6c-47d9-8288-df2018506dad,Private room in Honolulu,2 beds,$312 CAD,4.33
117,https://www.airbnb.ca/rooms/43356189?check_in=2022-06-08&check_out=2022-06-10&previous_page_section_name=1000&federated_search_id=ae195523-da6c-47d9-8288-df2018506dad,Condo in Honolulu,2 beds,$357 CAD,4.59
118,https://www.airbnb.ca/rooms/53902903?check_in=2022-06-08&check_out=2022-06-10&previous_page_section_name=1000&federated_search_id=ae195523-da6c-47d9-8288-df2018506dad,Camper/RV in Haleiwa,1 bed,$183 CAD,5
119,https://www.airbnb.ca/rooms/641649162256286111?check_in=2022-06-08&check_out=2022-06-10&previous_page_section_name=1000&federated_search_id=ae195523-da6c-47d9-8288-df2018506dad,Camper/RV in Laie,1 bed,$163 CAD,New
120,https://www.airbnb.ca/rooms/54111005?check_in=2022-06-08&check_out=2022-06-10&previous_page_section_name=1000&federated_search_id=ae195523-da6c-47d9-8288-df2018506dad,Apartment in Honolulu,2 double beds,$307 CAD,4.43
121,https://www.airbnb.ca/rooms/35433247?check_in=2022-06-08&check_out=2022-06-10&previous_page_section_name=1000&federated_search_id=aefe247a-8462-4951-bb3c-f25355e3a0c7,Condo in Honolulu,1 bed,$338 CAD,4.49
122,https://www.airbnb.ca/rooms/53171038?check_in=2022-06-08&check_out=2022-06-10&previous_page_section_name=1000&federated_search_id=aefe247a-8462-4951-bb3c-f25355e3a0c7,Condo in Kaunakakai,3 beds,$281 CAD,5
123,https://www.airbnb.ca/rooms/53068492?check_in=2022-06-08&check_out=2022-06-10&previous_page_section_name=1000&federated_search_id=aefe247a-8462-4951-bb3c-f25355e3a0c7,Condo in Honolulu,2 beds,$252 CAD,4.6
124,https://www.airbnb.ca/rooms/28037364?check_in=2022-06-08&check_out=2022-06-10&previous_page_section_name=1000&federated_search_id=aefe247a-8462-4951-bb3c-f25355e3a0c7,Condo in Honolulu,1 bed,$319 CAD,3.9
125,https://www.airbnb.ca/rooms/47365518?check_in=2022-06-08&check_out=2022-06-10&previous_page_section_name=1000&federated_search_id=aefe247a-8462-4951-bb3c-f25355e3a0c7,Condo in Honolulu,1 king bed,$399 CAD,4.6
126,https://www.airbnb.ca/rooms/637693179449419763?check_in=2022-06-08&check_out=2022-06-10&previous_page_section_name=1000&federated_search_id=aefe247a-8462-4951-bb3c-f25355e3a0c7,Condo in Honolulu,2 beds,$416 CAD,New
127,https://www.airbnb.ca/rooms/54129945?check_in=2022-06-08&check_out=2022-06-10&previous_page_section_name=1000&federated_search_id=aefe247a-8462-4951-bb3c-f25355e3a0c7,Apartment in Honolulu,2 beds,$302 CAD,5
128,https://www.airbnb.ca/rooms/604454444803297829?check_in=2022-06-08&check_out=2022-06-10&previous_page_section_name=1000&federated_search_id=aefe247a-8462-4951-bb3c-f25355e3a0c7,Apartment in Honolulu,2 beds,$348 CAD,New
129,https://www.airbnb.ca/rooms/53955780?check_in=2022-06-08&check_out=2022-06-10&previous_page_section_name=1000&federated_search_id=aefe247a-8462-4951-bb3c-f25355e3a0c7,Hotel room in Honolulu,1 bed,$255 CAD,4.75
130,https://www.airbnb.ca/rooms/28257926?check_in=2022-06-08&check_out=2022-06-10&previous_page_section_name=1000&federated_search_id=aefe247a-8462-4951-bb3c-f25355e3a0c7,Condo in Honolulu,2 beds,$441 CAD,4.75
131,https://www.airbnb.ca/rooms/34205128?check_in=2022-06-08&check_out=2022-06-10&previous_page_section_name=1000&federated_search_id=aefe247a-8462-4951-bb3c-f25355e3a0c7,Hotel room in Honolulu,1 king bed,$253 CAD,4.5
132,https://www.airbnb.ca/rooms/54085786?check_in=2022-06-08&check_out=2022-06-10&previous_page_section_name=1000&federated_search_id=aefe247a-8462-4951-bb3c-f25355e3a0c7,Apartment in Honolulu,1 bed,$294 CAD,4.56
133,https://www.airbnb.ca/rooms/53265474?check_in=2022-06-08&check_out=2022-06-10&previous_page_section_name=1000&federated_search_id=aefe247a-8462-4951-bb3c-f25355e3a0c7,Condo in Honolulu,2 beds,$665 CAD,5
134,https://www.airbnb.ca/rooms/53959148?check_in=2022-06-08&check_out=2022-06-10&previous_page_section_name=1000&federated_search_id=aefe247a-8462-4951-bb3c-f25355e3a0c7,Hotel room in Honolulu,2 beds,$335 CAD,4.78
135,https://www.airbnb.ca/rooms/13393212?check_in=2022-06-08&check_out=2022-06-10&previous_page_section_name=1000&federated_search_id=aefe247a-8462-4951-bb3c-f25355e3a0c7,Villa in Kahuku,2 beds,"$1,252 CAD",4.95
136,https://www.airbnb.ca/rooms/53829716?check_in=2022-06-08&check_out=2022-06-10&previous_page_section_name=1000&federated_search_id=aefe247a-8462-4951-bb3c-f25355e3a0c7,Hotel room in Honolulu,2 double beds,$280 CAD,New
137,https://www.airbnb.ca/rooms/24022603?check_in=2022-06-08&check_out=2022-06-10&previous_page_section_name=1000&federated_search_id=aefe247a-8462-4951-bb3c-f25355e3a0c7,Condo in Kapolei,4 beds,$643 CAD,4.76
138,https://www.airbnb.ca/rooms/50663470?check_in=2022-06-08&check_out=2022-06-10&previous_page_section_name=1000&federated_search_id=aefe247a-8462-4951-bb3c-f25355e3a0c7,Apartment in Honolulu,4 beds,$515 CAD,4.35
139,https://www.airbnb.ca/rooms/46002318?check_in=2022-06-08&check_out=2022-06-10&previous_page_section_name=1000&federated_search_id=aefe247a-8462-4951-bb3c-f25355e3a0c7,Condo in Honolulu,1 double bed,$210 CAD,4.3
140,https://www.airbnb.ca/rooms/43237494?check_in=2022-06-08&check_out=2022-06-10&previous_page_section_name=1000&federated_search_id=aefe247a-8462-4951-bb3c-f25355e3a0c7,Hotel room in Honolulu,2 beds,$340 CAD,4.62
141,https://www.airbnb.ca/rooms/50795349?check_in=2022-06-08&check_out=2022-06-10&previous_page_section_name=1000&federated_search_id=35b1959d-c8c8-45a0-91b8-957d69054d84,Camper/RV in Honolulu,,$187 CAD,4.8
142,https://www.airbnb.ca/rooms/43716050?check_in=2022-06-08&check_out=2022-06-10&previous_page_section_name=1000&federated_search_id=35b1959d-c8c8-45a0-91b8-957d69054d84,Apartment in Wailuku,1 bed,$409 CAD,4.86
143,https://www.airbnb.ca/rooms/598699132895948627?check_in=2022-06-08&check_out=2022-06-10&previous_page_section_name=1000&federated_search_id=35b1959d-c8c8-45a0-91b8-957d69054d84,Hotel room in Honolulu,1 bed,$325 CAD,New
144,https://www.airbnb.ca/rooms/631328928854104175?check_in=2022-06-08&check_out=2022-06-10&previous_page_section_name=1000&federated_search_id=35b1959d-c8c8-45a0-91b8-957d69054d84,Apartment in Honolulu,1 queen bed,$322 CAD,New
145,https://www.airbnb.ca/rooms/484879?check_in=2022-06-08&check_out=2022-06-10&previous_page_section_name=1000&federated_search_id=35b1959d-c8c8-45a0-91b8-957d69054d84,Guesthouse in Haleiwa,1 bed,$660 CAD,4.42
146,https://www.airbnb.ca/rooms/638494057720863827?check_in=2022-06-08&check_out=2022-06-10&previous_page_section_name=1000&federated_search_id=35b1959d-c8c8-45a0-91b8-957d69054d84,Camper/RV in Laie,1 bed,$139 CAD,New
147,https://www.airbnb.ca/rooms/42317436?check_in=2022-06-08&check_out=2022-06-10&previous_page_section_name=1000&federated_search_id=35b1959d-c8c8-45a0-91b8-957d69054d84,Yurt in Haleiwa,1 queen bed,$177 CAD,4.8
148,https://www.airbnb.ca/rooms/54108839?check_in=2022-06-08&check_out=2022-06-10&previous_page_section_name=1000&federated_search_id=35b1959d-c8c8-45a0-91b8-957d69054d84,Apartment in Honolulu,2 beds,$363 CAD,4.75
149,https://www.airbnb.ca/rooms/40900788?check_in=2022-06-08&check_out=2022-06-10&previous_page_section_name=1000&federated_search_id=35b1959d-c8c8-45a0-91b8-957d69054d84,Campsite in Haleiwa,,$97 CAD,4.9
150,https://www.airbnb.ca/rooms/53959122?check_in=2022-06-08&check_out=2022-06-10&previous_page_section_name=1000&federated_search_id=35b1959d-c8c8-45a0-91b8-957d69054d84,Hotel room in Honolulu,2 beds,$309 CAD,5
151,https://www.airbnb.ca/rooms/51037706?check_in=2022-06-08&check_out=2022-06-10&previous_page_section_name=1000&federated_search_id=35b1959d-c8c8-45a0-91b8-957d69054d84,Hotel room in Honolulu,2 beds,"$1,143 CAD",4.62
152,https://www.airbnb.ca/rooms/51623841?check_in=2022-06-08&check_out=2022-06-10&previous_page_section_name=1000&federated_search_id=35b1959d-c8c8-45a0-91b8-957d69054d84,Camper/RV in Waialua,1 king bed,$322 CAD,5
153,https://www.airbnb.ca/rooms/54111005?check_in=2022-06-08&check_out=2022-06-10&previous_page_section_name=1000&federated_search_id=35b1959d-c8c8-45a0-91b8-957d69054d84,Apartment in Honolulu,2 double beds,$307 CAD,4.43
154,https://www.airbnb.ca/rooms/46683195?check_in=2022-06-08&check_out=2022-06-10&previous_page_section_name=1000&federated_search_id=35b1959d-c8c8-45a0-91b8-957d69054d84,Condo in Honolulu,3 beds,$323 CAD,4.65
155,https://www.airbnb.ca/rooms/43237527?check_in=2022-06-08&check_out=2022-06-10&previous_page_section_name=1000&federated_search_id=35b1959d-c8c8-45a0-91b8-957d69054d84,Hotel room in Honolulu,3 beds,$347 CAD,4.27
156,https://www.airbnb.ca/rooms/47031019?check_in=2022-06-08&check_out=2022-06-10&previous_page_section_name=1000&federated_search_id=35b1959d-c8c8-45a0-91b8-957d69054d84,Condo in Honolulu,1 bed,$298 CAD,4.89
157,https://www.airbnb.ca/rooms/605068548496331314?check_in=2022-06-08&check_out=2022-06-10&previous_page_section_name=1000&federated_search_id=35b1959d-c8c8-45a0-91b8-957d69054d84,Condo in Honolulu,3 beds,$646 CAD,New
158,https://www.airbnb.ca/rooms/18949172?check_in=2022-06-08&check_out=2022-06-10&previous_page_section_name=1000&federated_search_id=35b1959d-c8c8-45a0-91b8-957d69054d84,Private room in Honolulu,2 beds,$312 CAD,4.33
159,https://www.airbnb.ca/rooms/53359739?check_in=2022-06-08&check_out=2022-06-10&previous_page_section_name=1000&federated_search_id=35b1959d-c8c8-45a0-91b8-957d69054d84,Condo in Lahaina,1 sofa bed,$695 CAD,4.43
160,https://www.airbnb.ca/rooms/53921824?check_in=2022-06-08&check_out=2022-06-10&previous_page_section_name=1000&federated_search_id=35b1959d-c8c8-45a0-91b8-957d69054d84,Private room in Honolulu,2 double beds,$243 CAD,New
161,https://www.airbnb.ca/rooms/43237527?check_in=2022-06-08&check_out=2022-06-10&previous_page_section_name=1000&federated_search_id=b7f5b166-9c0a-49db-9094-d6b1b6cf98bd,Hotel room in Honolulu,3 beds,$347 CAD,4.27
162,https://www.airbnb.ca/rooms/28264848?check_in=2022-06-08&check_out=2022-06-10&previous_page_section_name=1000&federated_search_id=b7f5b166-9c0a-49db-9094-d6b1b6cf98bd,Condo in Lahaina,3 beds,$943 CAD,4.8
163,https://www.airbnb.ca/rooms/484879?check_in=2022-06-08&check_out=2022-06-10&previous_page_section_name=1000&federated_search_id=b7f5b166-9c0a-49db-9094-d6b1b6cf98bd,Guesthouse in Haleiwa,1 bed,$660 CAD,4.42
164,https://www.airbnb.ca/rooms/50795349?check_in=2022-06-08&check_out=2022-06-10&previous_page_section_name=1000&federated_search_id=b7f5b166-9c0a-49db-9094-d6b1b6cf98bd,Camper/RV in Honolulu,,$187 CAD,4.8
165,https://www.airbnb.ca/rooms/631350392547038952?check_in=2022-06-08&check_out=2022-06-10&previous_page_section_name=1000&federated_search_id=b7f5b166-9c0a-49db-9094-d6b1b6cf98bd,Apartment in Honolulu,3 beds,$589 CAD,New
166,https://www.airbnb.ca/rooms/638494057720863827?check_in=2022-06-08&check_out=2022-06-10&previous_page_section_name=1000&federated_search_id=b7f5b166-9c0a-49db-9094-d6b1b6cf98bd,Camper/RV in Laie,1 bed,$139 CAD,New
167,https://www.airbnb.ca/rooms/43237494?check_in=2022-06-08&check_out=2022-06-10&previous_page_section_name=1000&federated_search_id=b7f5b166-9c0a-49db-9094-d6b1b6cf98bd,Hotel room in Honolulu,2 beds,$340 CAD,4.62
168,https://www.airbnb.ca/rooms/577138575770529563?check_in=2022-06-08&check_out=2022-06-10&previous_page_section_name=1000&federated_search_id=b7f5b166-9c0a-49db-9094-d6b1b6cf98bd,Vacation home in Kihei,2 beds,$639 CAD,5
169,https://www.airbnb.ca/rooms/39109256?check_in=2022-06-08&check_out=2022-06-10&previous_page_section_name=1000&federated_search_id=b7f5b166-9c0a-49db-9094-d6b1b6cf98bd,Condo in Honolulu,2 beds,$743 CAD,3.95
170,https://www.airbnb.ca/rooms/28868895?check_in=2022-06-08&check_out=2022-06-10&previous_page_section_name=1000&federated_search_id=b7f5b166-9c0a-49db-9094-d6b1b6cf98bd,Condo in Lahaina,1 bed,"$1,378 CAD",4.62
171,https://www.airbnb.ca/rooms/12572694?check_in=2022-06-08&check_out=2022-06-10&previous_page_section_name=1000&federated_search_id=b7f5b166-9c0a-49db-9094-d6b1b6cf98bd,Condo in Honolulu,2 beds,$467 CAD,4.44
172,https://www.airbnb.ca/rooms/13393212?check_in=2022-06-08&check_out=2022-06-10&previous_page_section_name=1000&federated_search_id=b7f5b166-9c0a-49db-9094-d6b1b6cf98bd,Villa in Kahuku,2 beds,"$1,252 CAD",4.95
173,https://www.airbnb.ca/rooms/39848153?check_in=2022-06-08&check_out=2022-06-10&previous_page_section_name=1000&federated_search_id=b7f5b166-9c0a-49db-9094-d6b1b6cf98bd,Resort in Honolulu,2 beds,$372 CAD,4.83
174,https://www.airbnb.ca/rooms/53359739?check_in=2022-06-08&check_out=2022-06-10&previous_page_section_name=1000&federated_search_id=b7f5b166-9c0a-49db-9094-d6b1b6cf98bd,Condo in Lahaina,1 sofa bed,$695 CAD,4.43
175,https://www.airbnb.ca/rooms/34205128?check_in=2022-06-08&check_out=2022-06-10&previous_page_section_name=1000&federated_search_id=b7f5b166-9c0a-49db-9094-d6b1b6cf98bd,Hotel room in Honolulu,1 king bed,$253 CAD,4.5
176,https://www.airbnb.ca/rooms/44121716?check_in=2022-06-08&check_out=2022-06-10&previous_page_section_name=1000&federated_search_id=b7f5b166-9c0a-49db-9094-d6b1b6cf98bd,Condo in Lahaina,2 beds,"$1,054 CAD",5
177,https://www.airbnb.ca/rooms/52172421?check_in=2022-06-08&check_out=2022-06-10&previous_page_section_name=1000&federated_search_id=b7f5b166-9c0a-49db-9094-d6b1b6cf98bd,Hotel room in Honolulu,2 queen beds,$384 CAD,New
178,https://www.airbnb.ca/rooms/39929118?check_in=2022-06-08&check_out=2022-06-10&previous_page_section_name=1000&federated_search_id=b7f5b166-9c0a-49db-9094-d6b1b6cf98bd,Resort in Honolulu,2 beds,$372 CAD,4.89
179,https://www.airbnb.ca/rooms/48135224?check_in=2022-06-08&check_out=2022-06-10&previous_page_section_name=1000&federated_search_id=b7f5b166-9c0a-49db-9094-d6b1b6cf98bd,Apartment in Honolulu,2 double beds,$369 CAD,4.57
180,https://www.airbnb.ca/rooms/22276544?check_in=2022-06-08&check_out=2022-06-10&previous_page_section_name=1000&federated_search_id=b7f5b166-9c0a-49db-9094-d6b1b6cf98bd,Home in Lahaina,1 queen bed,$736 CAD,4.88
181,https://www.airbnb.ca/rooms/53514777?check_in=2022-06-08&check_out=2022-06-10&previous_page_section_name=1000&federated_search_id=ce0f9872-84d8-4f10-8297-7a05b31ead17,Home in Kailua,4 beds,"$1,937 CAD",4.67
182,https://www.airbnb.ca/rooms/564132697314844795?check_in=2022-06-08&check_out=2022-06-10&previous_page_section_name=1000&federated_search_id=ce0f9872-84d8-4f10-8297-7a05b31ead17,Camper/RV in Aiea,1 bed,$276 CAD,New
183,https://www.airbnb.ca/rooms/624076761433533683?check_in=2022-06-08&check_out=2022-06-10&previous_page_section_name=1000&federated_search_id=ce0f9872-84d8-4f10-8297-7a05b31ead17,Apartment in Honolulu,2 beds,$462 CAD,New
184,https://www.airbnb.ca/rooms/50309672?check_in=2022-06-08&check_out=2022-06-10&previous_page_section_name=1000&federated_search_id=ce0f9872-84d8-4f10-8297-7a05b31ead17,Condo in Honolulu,1 sofa bed,$269 CAD,4.33
185,https://www.airbnb.ca/rooms/39109256?check_in=2022-06-08&check_out=2022-06-10&previous_page_section_name=1000&federated_search_id=ce0f9872-84d8-4f10-8297-7a05b31ead17,Condo in Honolulu,2 beds,$743 CAD,3.95
186,https://www.airbnb.ca/rooms/598688738065071624?check_in=2022-06-08&check_out=2022-06-10&previous_page_section_name=1000&federated_search_id=ce0f9872-84d8-4f10-8297-7a05b31ead17,Hotel room in Honolulu,1 bed,$414 CAD,New
187,https://www.airbnb.ca/rooms/48628757?check_in=2022-06-08&check_out=2022-06-10&previous_page_section_name=1000&federated_search_id=ce0f9872-84d8-4f10-8297-7a05b31ead17,Camper/RV in Wailuku,1 bed,$203 CAD,4.85
188,https://www.airbnb.ca/rooms/631350392547038952?check_in=2022-06-08&check_out=2022-06-10&previous_page_section_name=1000&federated_search_id=ce0f9872-84d8-4f10-8297-7a05b31ead17,Apartment in Honolulu,3 beds,$589 CAD,New
189,https://www.airbnb.ca/rooms/12191107?check_in=2022-06-08&check_out=2022-06-10&previous_page_section_name=1000&federated_search_id=ce0f9872-84d8-4f10-8297-7a05b31ead17,Camper/RV in Kihei,1 double bed,$194 CAD,4.77
190,https://www.airbnb.ca/rooms/22276544?check_in=2022-06-08&check_out=2022-06-10&previous_page_section_name=1000&federated_search_id=ce0f9872-84d8-4f10-8297-7a05b31ead17,Home in Lahaina,1 queen bed,$736 CAD,4.88
191,https://www.airbnb.ca/rooms/34749234?check_in=2022-06-08&check_out=2022-06-10&previous_page_section_name=1000&federated_search_id=ce0f9872-84d8-4f10-8297-7a05b31ead17,Hotel room in Honolulu,2 double beds,$258 CAD,New
192,https://www.airbnb.ca/rooms/36903681?check_in=2022-06-08&check_out=2022-06-10&previous_page_section_name=1000&federated_search_id=ce0f9872-84d8-4f10-8297-7a05b31ead17,Camper/RV in Ewa Beach,1 double bed,$243 CAD,4.71
193,https://www.airbnb.ca/rooms/39221599?check_in=2022-06-08&check_out=2022-06-10&previous_page_section_name=1000&federated_search_id=ce0f9872-84d8-4f10-8297-7a05b31ead17,Hotel room in Honolulu,1 double bed,$362 CAD,New
194,https://www.airbnb.ca/rooms/54232913?check_in=2022-06-08&check_out=2022-06-10&previous_page_section_name=1000&federated_search_id=ce0f9872-84d8-4f10-8297-7a05b31ead17,Camper/RV in Kihei,1 bed,$191 CAD,New
195,https://www.airbnb.ca/rooms/38100141?check_in=2022-06-08&check_out=2022-06-10&previous_page_section_name=1000&federated_search_id=ce0f9872-84d8-4f10-8297-7a05b31ead17,Hotel room in Honolulu,1 king bed,$384 CAD,4.67
196,https://www.airbnb.ca/rooms/38086835?check_in=2022-06-08&check_out=2022-06-10&previous_page_section_name=1000&federated_search_id=ce0f9872-84d8-4f10-8297-7a05b31ead17,Hotel room in Honolulu,2 double beds,$399 CAD,New
197,https://www.airbnb.ca/rooms/39848153?check_in=2022-06-08&check_out=2022-06-10&previous_page_section_name=1000&federated_search_id=ce0f9872-84d8-4f10-8297-7a05b31ead17,Resort in Honolulu,2 beds,$372 CAD,4.83
198,https://www.airbnb.ca/rooms/642875012010724699?check_in=2022-06-08&check_out=2022-06-10&previous_page_section_name=1000&federated_search_id=ce0f9872-84d8-4f10-8297-7a05b31ead17,Apartment in Honolulu,2 beds,$481 CAD,New
199,https://www.airbnb.ca/rooms/49423325?check_in=2022-06-08&check_out=2022-06-10&previous_page_section_name=1000&federated_search_id=ce0f9872-84d8-4f10-8297-7a05b31ead17,Condo in Kihei,1 king bed,$743 CAD,4.92
200,https://www.airbnb.ca/rooms/30812617?check_in=2022-06-08&check_out=2022-06-10&previous_page_section_name=1000&federated_search_id=ce0f9872-84d8-4f10-8297-7a05b31ead17,Condo in Honolulu,2 beds,$445 CAD,New
201,https://www.airbnb.ca/rooms/32575514?check_in=2022-06-08&check_out=2022-06-10&previous_page_section_name=1000&federated_search_id=6051c684-d94d-4fd3-a883-5fe56d1f7e91,Resort in Honolulu,2 beds,$372 CAD,4.88
202,https://www.airbnb.ca/rooms/12572694?check_in=2022-06-08&check_out=2022-06-10&previous_page_section_name=1000&federated_search_id=6051c684-d94d-4fd3-a883-5fe56d1f7e91,Condo in Honolulu,2 beds,$467 CAD,4.44
203,https://www.airbnb.ca/rooms/53159428?check_in=2022-06-08&check_out=2022-06-10&previous_page_section_name=1000&federated_search_id=6051c684-d94d-4fd3-a883-5fe56d1f7e91,Apartment in Lahaina,3 beds,$642 CAD,New
204,https://www.airbnb.ca/rooms/8370395?check_in=2022-06-08&check_out=2022-06-10&previous_page_section_name=1000&federated_search_id=6051c684-d94d-4fd3-a883-5fe56d1f7e91,Guesthouse in Haiku-Pauwela,2 beds,$497 CAD,4.91
205,https://www.airbnb.ca/rooms/39929118?check_in=2022-06-08&check_out=2022-06-10&previous_page_section_name=1000&federated_search_id=6051c684-d94d-4fd3-a883-5fe56d1f7e91,Resort in Honolulu,2 beds,$372 CAD,4.89
206,https://www.airbnb.ca/rooms/32677058?check_in=2022-06-08&check_out=2022-06-10&previous_page_section_name=1000&federated_search_id=6051c684-d94d-4fd3-a883-5fe56d1f7e91,Condo in Honolulu,2 beds,$399 CAD,New
207,https://www.airbnb.ca/rooms/34749905?check_in=2022-06-08&check_out=2022-06-10&previous_page_section_name=1000&federated_search_id=6051c684-d94d-4fd3-a883-5fe56d1f7e91,Hotel room in Honolulu,1 king bed,$295 CAD,3.6
208,https://www.airbnb.ca/rooms/32339028?check_in=2022-06-08&check_out=2022-06-10&previous_page_section_name=1000&federated_search_id=6051c684-d94d-4fd3-a883-5fe56d1f7e91,Apartment in Honolulu,2 double beds,$531 CAD,5
209,https://www.airbnb.ca/rooms/36474723?check_in=2022-06-08&check_out=2022-06-10&previous_page_section_name=1000&federated_search_id=6051c684-d94d-4fd3-a883-5fe56d1f7e91,Condo in Kihei,2 beds,$636 CAD,4.64
210,https://www.airbnb.ca/rooms/51150010?check_in=2022-06-08&check_out=2022-06-10&previous_page_section_name=1000&federated_search_id=6051c684-d94d-4fd3-a883-5fe56d1f7e91,Condo in Kihei,1 king bed,$720 CAD,4.92
211,https://www.airbnb.ca/rooms/53064718?check_in=2022-06-08&check_out=2022-06-10&previous_page_section_name=1000&federated_search_id=6051c684-d94d-4fd3-a883-5fe56d1f7e91,Apartment in Honolulu,2 double beds,$453 CAD,New
212,https://www.airbnb.ca/rooms/626254180888451080?check_in=2022-06-08&check_out=2022-06-10&previous_page_section_name=1000&federated_search_id=6051c684-d94d-4fd3-a883-5fe56d1f7e91,Condo in Lahaina,4 beds,"$1,161 CAD",New
213,https://www.airbnb.ca/rooms/16219225?check_in=2022-06-08&check_out=2022-06-10&previous_page_section_name=1000&federated_search_id=6051c684-d94d-4fd3-a883-5fe56d1f7e91,Condo in Lahaina,1 bed,$821 CAD,4.73
214,https://www.airbnb.ca/rooms/52778788?check_in=2022-06-08&check_out=2022-06-10&previous_page_section_name=1000&federated_search_id=6051c684-d94d-4fd3-a883-5fe56d1f7e91,Hotel room in Lahaina,1 queen bed,$768 CAD,4.89
215,https://www.airbnb.ca/rooms/19084409?check_in=2022-06-08&check_out=2022-06-10&previous_page_section_name=1000&federated_search_id=6051c684-d94d-4fd3-a883-5fe56d1f7e91,Condo in Lahaina,2 beds,$944 CAD,4.46
216,https://www.airbnb.ca/rooms/50010635?check_in=2022-06-08&check_out=2022-06-10&previous_page_section_name=1000&federated_search_id=6051c684-d94d-4fd3-a883-5fe56d1f7e91,Apartment in Honolulu,3 beds,$677 CAD,New
217,https://www.airbnb.ca/rooms/51858523?check_in=2022-06-08&check_out=2022-06-10&previous_page_section_name=1000&federated_search_id=6051c684-d94d-4fd3-a883-5fe56d1f7e91,Condo in Honolulu,1 bed,$380 CAD,5
218,https://www.airbnb.ca/rooms/32471740?check_in=2022-06-08&check_out=2022-06-10&previous_page_section_name=1000&federated_search_id=6051c684-d94d-4fd3-a883-5fe56d1f7e91,Hotel room in Honolulu,1 king bed,$552 CAD,4.67
219,https://www.airbnb.ca/rooms/3652896?check_in=2022-06-08&check_out=2022-06-10&previous_page_section_name=1000&federated_search_id=6051c684-d94d-4fd3-a883-5fe56d1f7e91,Condo in Lahaina,2 beds,"$1,693 CAD",4.72
220,https://www.airbnb.ca/rooms/52573032?check_in=2022-06-08&check_out=2022-06-10&previous_page_section_name=1000&federated_search_id=6051c684-d94d-4fd3-a883-5fe56d1f7e91,Condo in Lahaina,3 beds,"$2,798 CAD",5
221,https://www.airbnb.ca/rooms/39244171?check_in=2022-06-08&check_out=2022-06-10&previous_page_section_name=1000&federated_search_id=0b406c6c-addc-4d39-93cd-a6f3dff15326,Hotel room in Honolulu,1 king bed,$863 CAD,New
222,https://www.airbnb.ca/rooms/622373359155293162?check_in=2022-06-08&check_out=2022-06-10&previous_page_section_name=1000&federated_search_id=0b406c6c-addc-4d39-93cd-a6f3dff15326,Resort in Lahaina,3 beds,$574 CAD,New
223,https://www.airbnb.ca/rooms/39108492?check_in=2022-06-08&check_out=2022-06-10&previous_page_section_name=1000&federated_search_id=0b406c6c-addc-4d39-93cd-a6f3dff15326,Hotel room in Honolulu,2 beds,$889 CAD,4.67
224,https://www.airbnb.ca/rooms/32406742?check_in=2022-06-08&check_out=2022-06-10&previous_page_section_name=1000&federated_search_id=0b406c6c-addc-4d39-93cd-a6f3dff15326,Hotel room in Honolulu,1 king bed,$522 CAD,4.8
225,https://www.airbnb.ca/rooms/32472609?check_in=2022-06-08&check_out=2022-06-10&previous_page_section_name=1000&federated_search_id=0b406c6c-addc-4d39-93cd-a6f3dff15326,Hotel room in Honolulu,1 king bed,$656 CAD,New
226,https://www.airbnb.ca/rooms/40205830?check_in=2022-06-08&check_out=2022-06-10&previous_page_section_name=1000&federated_search_id=0b406c6c-addc-4d39-93cd-a6f3dff15326,Condo in Kihei,2 beds,$643 CAD,4.66
227,https://www.airbnb.ca/rooms/32338883?check_in=2022-06-08&check_out=2022-06-10&previous_page_section_name=1000&federated_search_id=0b406c6c-addc-4d39-93cd-a6f3dff15326,Condo in Honolulu,2 beds,$594 CAD,New
228,https://www.airbnb.ca/rooms/548696863250003940?check_in=2022-06-08&check_out=2022-06-10&previous_page_section_name=1000&federated_search_id=0b406c6c-addc-4d39-93cd-a6f3dff15326,Condo in Kihei,2 beds,"$1,482 CAD",New
229,https://www.airbnb.ca/rooms/38956097?check_in=2022-06-08&check_out=2022-06-10&previous_page_section_name=1000&federated_search_id=0b406c6c-addc-4d39-93cd-a6f3dff15326,Camper/RV in Wailuku,4 beds,$206 CAD,4.69
230,https://www.airbnb.ca/rooms/39221601?check_in=2022-06-08&check_out=2022-06-10&previous_page_section_name=1000&federated_search_id=0b406c6c-addc-4d39-93cd-a6f3dff15326,Hotel room in Honolulu,2 beds,$459 CAD,New
231,https://www.airbnb.ca/rooms/39900518?check_in=2022-06-08&check_out=2022-06-10&previous_page_section_name=1000&federated_search_id=0b406c6c-addc-4d39-93cd-a6f3dff15326,Resort in Honolulu,2 beds,$372 CAD,5
232,https://www.airbnb.ca/rooms/46681960?check_in=2022-06-08&check_out=2022-06-10&previous_page_section_name=1000&federated_search_id=0b406c6c-addc-4d39-93cd-a6f3dff15326,Condo in Lahaina,4 beds,$988 CAD,5
233,https://www.airbnb.ca/rooms/32338970?check_in=2022-06-08&check_out=2022-06-10&previous_page_section_name=1000&federated_search_id=0b406c6c-addc-4d39-93cd-a6f3dff15326,Condo in Honolulu,2 single beds,$531 CAD,New
234,https://www.airbnb.ca/rooms/15621989?check_in=2022-06-08&check_out=2022-06-10&previous_page_section_name=1000&federated_search_id=0b406c6c-addc-4d39-93cd-a6f3dff15326,Condo in Lahaina,1 bed,"$1,768 CAD",4.21
235,https://www.airbnb.ca/rooms/638854306099846425?check_in=2022-06-08&check_out=2022-06-10&previous_page_section_name=1000&federated_search_id=0b406c6c-addc-4d39-93cd-a6f3dff15326,Tent in Honolulu,1 bed,$77 CAD,New
236,https://www.airbnb.ca/rooms/40684855?check_in=2022-06-08&check_out=2022-06-10&previous_page_section_name=1000&federated_search_id=0b406c6c-addc-4d39-93cd-a6f3dff15326,Resort in Honolulu,2 beds,$372 CAD,5
237,https://www.airbnb.ca/rooms/621128358860867345?check_in=2022-06-08&check_out=2022-06-10&previous_page_section_name=1000&federated_search_id=0b406c6c-addc-4d39-93cd-a6f3dff15326,Condo in Lahaina,1 bed,$745 CAD,New
238,https://www.airbnb.ca/rooms/40354048?check_in=2022-06-08&check_out=2022-06-10&previous_page_section_name=1000&federated_search_id=0b406c6c-addc-4d39-93cd-a6f3dff15326,Condo in Kihei,2 beds,$699 CAD,4.53
239,https://www.airbnb.ca/rooms/628863723574085479?check_in=2022-06-08&check_out=2022-06-10&previous_page_section_name=1000&federated_search_id=0b406c6c-addc-4d39-93cd-a6f3dff15326,Vacation home in Lahaina,2 beds,"$1,148 CAD",New
240,https://www.airbnb.ca/rooms/40309506?check_in=2022-06-08&check_out=2022-06-10&previous_page_section_name=1000&federated_search_id=0b406c6c-addc-4d39-93cd-a6f3dff15326,Hotel room in Honolulu,2 single beds,$755 CAD,4.25
241,https://www.airbnb.ca/rooms/631025360726782691?check_in=2022-06-08&check_out=2022-06-10&previous_page_section_name=1000&federated_search_id=f78a7503-aef7-4554-8a3f-48227f7783c2,Tent in Honolulu,2 beds,$122 CAD,New
242,https://www.airbnb.ca/rooms/54007038?check_in=2022-06-08&check_out=2022-06-10&previous_page_section_name=1000&federated_search_id=f78a7503-aef7-4554-8a3f-48227f7783c2,Resort in Honolulu,2 beds,$933 CAD,New
243,https://www.airbnb.ca/rooms/32339124?check_in=2022-06-08&check_out=2022-06-10&previous_page_section_name=1000&federated_search_id=f78a7503-aef7-4554-8a3f-48227f7783c2,Condo in Honolulu,2 beds,$594 CAD,4.75
244,https://www.airbnb.ca/rooms/554356168912499719?check_in=2022-06-08&check_out=2022-06-10&previous_page_section_name=1000&federated_search_id=f78a7503-aef7-4554-8a3f-48227f7783c2,Resort in Kapolei,2 beds,$631 CAD,New
245,https://www.airbnb.ca/rooms/53701747?check_in=2022-06-08&check_out=2022-06-10&previous_page_section_name=1000&federated_search_id=f78a7503-aef7-4554-8a3f-48227f7783c2,Hotel room in Honolulu,2 beds,$753 CAD,New
246,https://www.airbnb.ca/rooms/48000042?check_in=2022-06-08&check_out=2022-06-10&previous_page_section_name=1000&federated_search_id=f78a7503-aef7-4554-8a3f-48227f7783c2,Private room in Waianae,1 bed,$420 CAD,4.5
247,https://www.airbnb.ca/rooms/43688886?check_in=2022-06-08&check_out=2022-06-10&previous_page_section_name=1000&federated_search_id=f78a7503-aef7-4554-8a3f-48227f7783c2,Home in Honolulu,6 beds,"$1,686 CAD",New
248,https://www.airbnb.ca/rooms/26218487?check_in=2022-06-08&check_out=2022-06-10&previous_page_section_name=1000&federated_search_id=f78a7503-aef7-4554-8a3f-48227f7783c2,Condo in Kaanapali,2 beds,"$1,091 CAD",4.67
249,https://www.airbnb.ca/rooms/32338993?check_in=2022-06-08&check_out=2022-06-10&previous_page_section_name=1000&federated_search_id=f78a7503-aef7-4554-8a3f-48227f7783c2,Apartment in Honolulu,2 beds,$563 CAD,New
250,https://www.airbnb.ca/rooms/33168101?check_in=2022-06-08&check_out=2022-06-10&previous_page_section_name=1000&federated_search_id=f78a7503-aef7-4554-8a3f-48227f7783c2,Private room in Lahaina,1 bed,$126 CAD,4.67
251,https://www.airbnb.ca/rooms/32472579?check_in=2022-06-08&check_out=2022-06-10&previous_page_section_name=1000&federated_search_id=f78a7503-aef7-4554-8a3f-48227f7783c2,Hotel room in Honolulu,1 king bed,$656 CAD,New
252,https://www.airbnb.ca/rooms/40909775?check_in=2022-06-08&check_out=2022-06-10&previous_page_section_name=1000&federated_search_id=f78a7503-aef7-4554-8a3f-48227f7783c2,Condo in Honolulu,4 beds,$999 CAD,New
253,https://www.airbnb.ca/rooms/1346576?check_in=2022-06-08&check_out=2022-06-10&previous_page_section_name=1000&federated_search_id=f78a7503-aef7-4554-8a3f-48227f7783c2,Condo in Honolulu,2 beds,$429 CAD,4.4
254,https://www.airbnb.ca/rooms/33996171?check_in=2022-06-08&check_out=2022-06-10&previous_page_section_name=1000&federated_search_id=f78a7503-aef7-4554-8a3f-48227f7783c2,Condo in Lahaina,3 beds,"$2,076 CAD",4.57
255,https://www.airbnb.ca/rooms/49712543?check_in=2022-06-08&check_out=2022-06-10&previous_page_section_name=1000&federated_search_id=f78a7503-aef7-4554-8a3f-48227f7783c2,Resort in Honolulu,1 bed,$796 CAD,New
256,https://www.airbnb.ca/rooms/39559183?check_in=2022-06-08&check_out=2022-06-10&previous_page_section_name=1000&federated_search_id=f78a7503-aef7-4554-8a3f-48227f7783c2,Hotel room in Honolulu,3 beds,$838 CAD,New
257,https://www.airbnb.ca/rooms/563639984036993608?check_in=2022-06-08&check_out=2022-06-10&previous_page_section_name=1000&federated_search_id=f78a7503-aef7-4554-8a3f-48227f7783c2,Apartment in Honolulu,1 king bed,$439 CAD,New
258,https://www.airbnb.ca/rooms/49234591?check_in=2022-06-08&check_out=2022-06-10&previous_page_section_name=1000&federated_search_id=f78a7503-aef7-4554-8a3f-48227f7783c2,Home in Waianae,6 beds,$926 CAD,New
259,https://www.airbnb.ca/rooms/618988370724222403?check_in=2022-06-08&check_out=2022-06-10&previous_page_section_name=1000&federated_search_id=f78a7503-aef7-4554-8a3f-48227f7783c2,Apartment in Honolulu,2 beds,$478 CAD,New
260,https://www.airbnb.ca/rooms/39244480?check_in=2022-06-08&check_out=2022-06-10&previous_page_section_name=1000&federated_search_id=f78a7503-aef7-4554-8a3f-48227f7783c2,Hotel room in Honolulu,1 king bed,"$1,073 CAD",New
261,https://www.airbnb.ca/rooms/52583315?check_in=2022-06-08&check_out=2022-06-10&previous_page_section_name=1000&federated_search_id=c778a4fe-7a73-4f46-a60f-8454131d5782,Villa in Kailua,10 beds,"$4,749 CAD",New
262,https://www.airbnb.ca/rooms/9497844?check_in=2022-06-08&check_out=2022-06-10&previous_page_section_name=1000&federated_search_id=c778a4fe-7a73-4f46-a60f-8454131d5782,Apartment in Honolulu,2 single beds,$579 CAD,4.81
263,https://www.airbnb.ca/rooms/590534649918621233?check_in=2022-06-08&check_out=2022-06-10&previous_page_section_name=1000&federated_search_id=c778a4fe-7a73-4f46-a60f-8454131d5782,Condo in Honolulu,2 beds,$810 CAD,New
264,https://www.airbnb.ca/rooms/555175849933931900?check_in=2022-06-08&check_out=2022-06-10&previous_page_section_name=1000&federated_search_id=c778a4fe-7a73-4f46-a60f-8454131d5782,Home in Waianae,5 beds,$914 CAD,5
265,https://www.airbnb.ca/rooms/52174218?check_in=2022-06-08&check_out=2022-06-10&previous_page_section_name=1000&federated_search_id=c778a4fe-7a73-4f46-a60f-8454131d5782,Condo in Lahaina,5 beds,"$4,022 CAD",New
266,https://www.airbnb.ca/rooms/585242346339222795?check_in=2022-06-08&check_out=2022-06-10&previous_page_section_name=1000&federated_search_id=c778a4fe-7a73-4f46-a60f-8454131d5782,Condo in Honolulu,1 bed,$409 CAD,New
267,https://www.airbnb.ca/rooms/9754805?check_in=2022-06-08&check_out=2022-06-10&previous_page_section_name=1000&federated_search_id=c778a4fe-7a73-4f46-a60f-8454131d5782,Condo in Kaanapali,4 beds,"$3,712 CAD",4.57
268,https://www.airbnb.ca/rooms/9754879?check_in=2022-06-08&check_out=2022-06-10&previous_page_section_name=1000&federated_search_id=c778a4fe-7a73-4f46-a60f-8454131d5782,Condo in Lahaina,4 beds,"$3,609 CAD",5
269,https://www.airbnb.ca/rooms/32215944?check_in=2022-06-08&check_out=2022-06-10&previous_page_section_name=1000&federated_search_id=c778a4fe-7a73-4f46-a60f-8454131d5782,Home in Waianae,3 queen beds,"$1,094 CAD",4.81
270,https://www.airbnb.ca/rooms/53150162?check_in=2022-06-08&check_out=2022-06-10&previous_page_section_name=1000&federated_search_id=c778a4fe-7a73-4f46-a60f-8454131d5782,Apartment in Lahaina,9 beds,"$1,237 CAD",New
271,https://www.airbnb.ca/rooms/35554926?check_in=2022-06-08&check_out=2022-06-10&previous_page_section_name=1000&federated_search_id=c778a4fe-7a73-4f46-a60f-8454131d5782,Condo in Lahaina,2 beds,"$1,291 CAD",4.5
272,https://www.airbnb.ca/rooms/54329182?check_in=2022-06-08&check_out=2022-06-10&previous_page_section_name=1000&federated_search_id=c778a4fe-7a73-4f46-a60f-8454131d5782,Resort in Honolulu,1 bed,$780 CAD,New
273,https://www.airbnb.ca/rooms/6992917?check_in=2022-06-08&check_out=2022-06-10&previous_page_section_name=1000&federated_search_id=c778a4fe-7a73-4f46-a60f-8454131d5782,Villa in Honolulu,14 beds,"$5,301 CAD",4.95
274,https://www.airbnb.ca/rooms/53977924?check_in=2022-06-08&check_out=2022-06-10&previous_page_section_name=1000&federated_search_id=c778a4fe-7a73-4f46-a60f-8454131d5782,Hotel room in Honolulu,2 beds,$990 CAD,New
275,https://www.airbnb.ca/rooms/51575139?check_in=2022-06-08&check_out=2022-06-10&previous_page_section_name=1000&federated_search_id=c778a4fe-7a73-4f46-a60f-8454131d5782,Apartment in Lahaina,2 beds,$448 CAD,New
276,https://www.airbnb.ca/rooms/49016337?check_in=2022-06-08&check_out=2022-06-10&previous_page_section_name=1000&federated_search_id=c778a4fe-7a73-4f46-a60f-8454131d5782,Camper/RV in Haleiwa,2 double beds,$264 CAD,4.67
277,https://www.airbnb.ca/rooms/47338760?check_in=2022-06-08&check_out=2022-06-10&previous_page_section_name=1000&federated_search_id=c778a4fe-7a73-4f46-a60f-8454131d5782,Resort in Honolulu,2 beds,$537 CAD,New
278,https://www.airbnb.ca/rooms/629600124263169453?check_in=2022-06-08&check_out=2022-06-10&previous_page_section_name=1000&federated_search_id=c778a4fe-7a73-4f46-a60f-8454131d5782,Tent in Honolulu,10 beds,$226 CAD,New
279,https://www.airbnb.ca/rooms/10436321?check_in=2022-06-08&check_out=2022-06-10&previous_page_section_name=1000&federated_search_id=c778a4fe-7a73-4f46-a60f-8454131d5782,Hotel room in Paia,,"$1,150 CAD",New
280,https://www.airbnb.ca/rooms/40965621?check_in=2022-06-08&check_out=2022-06-10&previous_page_section_name=1000&federated_search_id=c778a4fe-7a73-4f46-a60f-8454131d5782,Condo in Honolulu,4 beds,"$1,064 CAD",New
281,https://www.airbnb.ca/rooms/53977924?check_in=2022-06-08&check_out=2022-06-10&previous_page_section_name=1000&federated_search_id=ef2a6015-3f8b-4008-839a-9709a14ce5cc,Hotel room in Honolulu,2 beds,$990 CAD,New
282,https://www.airbnb.ca/rooms/639279757439019972?check_in=2022-06-08&check_out=2022-06-10&previous_page_section_name=1000&federated_search_id=ef2a6015-3f8b-4008-839a-9709a14ce5cc,Apartment in Honolulu,3 beds,"$1,013 CAD",New
283,https://www.airbnb.ca/rooms/47501423?check_in=2022-06-08&check_out=2022-06-10&previous_page_section_name=1000&federated_search_id=ef2a6015-3f8b-4008-839a-9709a14ce5cc,Resort in Honolulu,2 beds,$573 CAD,New
284,https://www.airbnb.ca/rooms/52547455?check_in=2022-06-08&check_out=2022-06-10&previous_page_section_name=1000&federated_search_id=ef2a6015-3f8b-4008-839a-9709a14ce5cc,Resort in Honolulu,2 beds,$554 CAD,New
285,https://www.airbnb.ca/rooms/575253288323864417?check_in=2022-06-08&check_out=2022-06-10&previous_page_section_name=1000&federated_search_id=ef2a6015-3f8b-4008-839a-9709a14ce5cc,Apartment in Lahaina,3 beds,"$1,935 CAD",New
286,https://www.airbnb.ca/rooms/26218487?check_in=2022-06-08&check_out=2022-06-10&previous_page_section_name=1000&federated_search_id=ef2a6015-3f8b-4008-839a-9709a14ce5cc,Condo in Kaanapali,2 beds,"$1,091 CAD",4.67
287,https://www.airbnb.ca/rooms/54020460?check_in=2022-06-08&check_out=2022-06-10&previous_page_section_name=1000&federated_search_id=ef2a6015-3f8b-4008-839a-9709a14ce5cc,Condo in Honolulu,1 bed,$510 CAD,New
288,https://www.airbnb.ca/rooms/40965621?check_in=2022-06-08&check_out=2022-06-10&previous_page_section_name=1000&federated_search_id=ef2a6015-3f8b-4008-839a-9709a14ce5cc,Condo in Honolulu,4 beds,"$1,064 CAD",New
289,https://www.airbnb.ca/rooms/17444202?check_in=2022-06-08&check_out=2022-06-10&previous_page_section_name=1000&federated_search_id=ef2a6015-3f8b-4008-839a-9709a14ce5cc,Condo in Honolulu,4 beds,$827 CAD,3.4
290,https://www.airbnb.ca/rooms/53159615?check_in=2022-06-08&check_out=2022-06-10&previous_page_section_name=1000&federated_search_id=ef2a6015-3f8b-4008-839a-9709a14ce5cc,Apartment in Lahaina,9 beds,"$3,936 CAD",New
291,https://www.airbnb.ca/rooms/53933962?check_in=2022-06-08&check_out=2022-06-10&previous_page_section_name=1000&federated_search_id=ef2a6015-3f8b-4008-839a-9709a14ce5cc,Condo in Honolulu,2 beds,$554 CAD,New
292,https://www.airbnb.ca/rooms/53150174?check_in=2022-06-08&check_out=2022-06-10&previous_page_section_name=1000&federated_search_id=ef2a6015-3f8b-4008-839a-9709a14ce5cc,Apartment in Lahaina,4 beds,"$2,705 CAD",New
293,https://www.airbnb.ca/rooms/1346576?check_in=2022-06-08&check_out=2022-06-10&previous_page_section_name=1000&federated_search_id=ef2a6015-3f8b-4008-839a-9709a14ce5cc,Condo in Honolulu,2 beds,$429 CAD,4.4
294,https://www.airbnb.ca/rooms/23448412?check_in=2022-06-08&check_out=2022-06-10&previous_page_section_name=1000&federated_search_id=ef2a6015-3f8b-4008-839a-9709a14ce5cc,Condo in Kihei,1 queen bed,$413 CAD,4.14
295,https://www.airbnb.ca/rooms/53159490?check_in=2022-06-08&check_out=2022-06-10&previous_page_section_name=1000&federated_search_id=ef2a6015-3f8b-4008-839a-9709a14ce5cc,Apartment in Lahaina,2 beds,"$1,928 CAD",New
296,https://www.airbnb.ca/rooms/9754805?check_in=2022-06-08&check_out=2022-06-10&previous_page_section_name=1000&federated_search_id=ef2a6015-3f8b-4008-839a-9709a14ce5cc,Condo in Kaanapali,4 beds,"$3,712 CAD",4.57
297,https://www.airbnb.ca/rooms/53847911?check_in=2022-06-08&check_out=2022-06-10&previous_page_section_name=1000&federated_search_id=ef2a6015-3f8b-4008-839a-9709a14ce5cc,Apartment in Lahaina,3 beds,"$2,107 CAD",New
298,https://www.airbnb.ca/rooms/54066584?check_in=2022-06-08&check_out=2022-06-10&previous_page_section_name=1000&federated_search_id=ef2a6015-3f8b-4008-839a-9709a14ce5cc,Condo in Honolulu,2 beds,$554 CAD,New
299,https://www.airbnb.ca/rooms/52774956?check_in=2022-06-08&check_out=2022-06-10&previous_page_section_name=1000&federated_search_id=ef2a6015-3f8b-4008-839a-9709a14ce5cc,Condo in Honolulu,1 bed,$652 CAD,New
300,https://www.airbnb.ca/rooms/10436321?check_in=2022-06-08&check_out=2022-06-10&previous_page_section_name=1000&federated_search_id=ef2a6015-3f8b-4008-839a-9709a14ce5cc,Hotel room in Paia,,"$1,150 CAD",New
