,Link,Title,Company Name,Location,Date,Salary
0,,,,,,
1,https://in.indeed.com//company/Accountico-Consultancy-Services-Pvt-Ltd/jobs/Data-Analyst-1632448490f119f1?fccid=d5a1f580cac5b01e&vjs=3,newData Analyst,Accountico Consultancy Services Pvt Ltd,"Noida, Uttar Pradesh",EmployerActive 3 days ago,"Rs. 8,000 - Rs. 15,000 a month"
2,https://in.indeed.com//rc/clk?jk=37ec355a24bbaea8&fccid=d0d30499c8b16494&vjs=3,newData Analyst,Study Group,"Noida, Uttar Pradesh",Posted8 days ago,N/A
3,https://in.indeed.com//company/Report-Ocean-Pvt-Ltd/jobs/Market-Research-Analyst-c613695d557fa628?fccid=cbc9d2be8f4408c5&vjs=3,newMarket Research Analyst,Report Ocean Pvt Ltd,"Noida, Uttar Pradesh",EmployerActive 7 days ago,"Rs. 30,000 - Rs. 60,000 a month"
4,https://in.indeed.com//rc/clk?jk=8be03b4166eb0f31&fccid=b716e44d2c6283e7&vjs=3,newData Analyst - Operations-2,S&P Global,"Noida, Uttar Pradesh",Posted5 days ago,N/A
5,https://in.indeed.com//company/Compunnel-Inc./jobs/Business-Analyst-Data-Analyst-57c20dc2733e108b?fccid=a290744589afaf5a&vjs=3,Business Analyst/Data Analyst,Compunnel Inc.,"Noida, Uttar Pradesh",EmployerActive 12 days ago,"Rs. 18,00,000 a year"
6,https://in.indeed.com//rc/clk?jk=60b795a76fa72bb5&fccid=dd616958bd9ddc12&vjs=3,newData Analyst (Junior),FENG GROUP,"New Delhi, Delhi",Posted6 days ago,N/A
7,https://in.indeed.com//rc/clk?jk=e37508527de082f8&fccid=82656d64a9a3e6a7&vjs=3,newData Analyst,Ericsson,"Noida, Uttar Pradesh",Posted6 days ago,N/A
8,https://in.indeed.com//company/Climate-Change-Response-Pty-Ltd/jobs/Data-Analyst-056c653ca709164b?fccid=e77639e1ce76ebb1&vjs=3,Data Analyst,Arnowa,"New Delhi, Delhi",EmployerActive 4 days ago,"Rs. 25,000 a month"
9,https://in.indeed.com//rc/clk?jk=1e471d3884fad3d8&fccid=bb12c857d8460724&vjs=3,Data Analyst,ANR Software,"Noida, Uttar Pradesh",Posted12 days ago,N/A
10,https://in.indeed.com//rc/clk?jk=9a8983113b516229&fccid=b716e44d2c6283e7&vjs=3,newResearch Analyst – Bond Reference Data,S&P Global,"Noida, Uttar Pradesh",Posted1 day ago,N/A
11,https://in.indeed.com//rc/clk?jk=515a83c0275cd517&fccid=3c38342724c75954&vjs=3,"newAssistant Manager - Provider Data Analyst - Noida, UP",Optum,"Noida, Uttar Pradesh",Posted5 days ago,N/A
12,https://in.indeed.com//company/inspecthoa/jobs/Market-Research-Analyst-db02db3079bf8924?fccid=c26434c9b8d0f614&vjs=3,newMarket Research Analyst,InspectHOA,"Remote in Noida, Uttar Pradesh",PostedToday,"Rs. 11,000 - Rs. 25,000 a month"
13,https://in.indeed.com//company/Analytics-Squad/jobs/Freelance-Data-Analytic-2a1beed8e92562e6?fccid=622431ca0836efaf&vjs=3,Freelance Data Analytics,Analytics Squad,"Noida, Uttar Pradesh",EmployerActive 29 days ago,"Rs. 15,000 - Rs. 18,000 a month"
14,https://in.indeed.com//company/SSS-PVT.LTD./jobs/Data-Research-Analyst-17368c6bb08c3b01?fccid=0e7d255bed170202&vjs=3,Data Research Analyst- (Non Technical Profile),SDAD TECHNOLOGY PVT LTD,"Noida, Uttar Pradesh",EmployerActive 4 days ago,"Rs. 15,000 - Rs. 18,000 a month"
15,https://in.indeed.com//company/Analytics-Squad/jobs/Data-Analyst-beb98d5774a5cac5?fccid=622431ca0836efaf&vjs=3,Data Analyst - Python/Artificial Intelligence,Analytics Squad,"Noida, Uttar Pradesh",EmployerActive 6 days ago,N/A
16,https://in.indeed.com//company/Simply-logistics-pvt-ltd/jobs/Data-Analyst-4559db7f1b8f249a?fccid=ba967bef33ab10ff&vjs=3,Data Analyst,Simply logistics pvt ltd,"New Delhi, Delhi",EmployerActive 1 day ago,"Rs. 10,164 - Rs. 30,000 a month"
17,https://in.indeed.com//rc/clk?jk=a47e36dfb0eef767&fccid=572def7985549ab3&vjs=3,Data Analyst,EaseMyTrip,"Noida, Uttar Pradesh",Posted30+ days ago,N/A
18,https://in.indeed.com//company/Todquest-Enterprises-Pvt-Ltd/jobs/Business-Analyst-e21d92184a52b1ec?fccid=33ae03d79e5b5d6e&vjs=3,Business Analyst,Todquest Enterprises pvt ltd,"Noida, Uttar Pradesh",EmployerActive 1 day ago,"Rs. 25,000 - Rs. 40,000 a month"
19,https://in.indeed.com//company/Acme-Infosystem-Professionals/jobs/Business-Analyst-b1e0f3b1f2c9ae9a?fccid=0b4f457d13ee80d2&vjs=3,Business Analyst,Acme Hr Consulting,"Noida, Uttar Pradesh",EmployerActive 1 day ago,"Rs. 30,000 - Rs. 50,000 a month"
20,https://in.indeed.com//rc/clk?jk=84128c1fe355d27f&fccid=a25bfd95fd20e99a&vjs=3,newSenior Data Analyst,Landis+Gyr,"Noida, Uttar Pradesh",Posted1 day ago,N/A
21,https://in.indeed.com//company/Optimiser/jobs/Product-Analyst-b4cc41e68be9845b?fccid=b2c8d8a6d95b89f3&vjs=3,newProduct Analyst,Optimiser,"Remote in Noida, Uttar Pradesh",PostedToday,"Rs. 3,00,000 - Rs. 12,00,000 a year"
22,https://in.indeed.com//company/IDCUBE-Corporation/jobs/Business-Analyst-d55138b82faf73f4?fccid=a56c72e7ba14ace3&vjs=3,newBusiness Analyst,IDCUBE Identification Systems Private Limited,"Remote in Noida, Uttar Pradesh",EmployerActive 4 days ago,"Rs. 7,00,000 - Rs. 11,00,000 a year"
23,https://in.indeed.com//company/Apeiron-Management-Private-Limited/jobs/Credit-Analyst-6a3be8998e5584fc?fccid=1a8cfece37b6ff9a&vjs=3,Credit Analyst,Apeiron Management Private Limited,"Noida, Uttar Pradesh",EmployerActive 1 day ago,"Rs. 12,407 - Rs. 41,926 a month"
24,https://in.indeed.com//rc/clk?jk=ddd4cbfdfcd1f3d6&fccid=4f71a266133f864f&vjs=3,Data Analyst/Data Engineer,Content Bloom,"Noida, Uttar Pradesh",Posted30+ days ago,N/A
25,https://in.indeed.com//rc/clk?jk=7309a5a79432ba65&fccid=afe30394bfba1470&vjs=3,newProcess Developer - Data Analyst,Genpact,"Noida, Uttar Pradesh",Posted5 days ago,N/A
26,https://in.indeed.com//company/Econ-One-Research-India-Private-Limited/jobs/Data-Analytic-b4df2d7e13c6adbf?fccid=7b75d6294b1fdb7e&vjs=3,Data Analytics,Econ One Research India Private Limited,"New Delhi, Delhi",EmployerActive 4 days ago,"Rs. 8,50,000 a year"
27,https://in.indeed.com//rc/clk?jk=34d95a45fe270b1c&fccid=363d27976f5fa667&vjs=3,Data Analyst - 7129,ION,"Noida, Uttar Pradesh",Posted30+ days ago,N/A
28,https://in.indeed.com//rc/clk?jk=b9a34dba6eefbcbc&fccid=1544766d4c2915b0&vjs=3,newAnalyst - Assurance - National - Accounting - Noida,EY,"Noida, Uttar Pradesh",Posted6 days ago,N/A
29,https://in.indeed.com//rc/clk?jk=ee451d55deefc9ce&fccid=6dc473dd4652209d&vjs=3,Data Analyst (Intern),iDreamCareer,"New Delhi, Delhi",Posted10 days ago,"Rs. 7,000 a month"
30,https://in.indeed.com//rc/clk?jk=782439a822f2f03f&fccid=2c5124213c13672a&vjs=3,Data Analyst,BenoGroup,"Ghaziabad, Uttar Pradesh",Posted30+ days ago,"Rs. 30,000 - Rs. 40,000 a month"
31,https://in.indeed.com//company/Rncos-E--Services-Pvt.-Ltd/jobs/Market-Research-Analyst-6ccbac3a20793985?fccid=cf2b716b23f41f44&vjs=3,Market Research Analyst,Rncos E-Services Pvt. Ltd,"Noida, Uttar Pradesh",EmployerActive 7 days ago,"Rs. 25,000 - Rs. 30,000 a month"
32,https://in.indeed.com//rc/clk?jk=ea66762f09d1cfd3&fccid=f89deb5a97c7738a&vjs=3,newSr Analyst- SEO & Data Science,Adobe,"Noida, Uttar Pradesh",Posted5 days ago,N/A
33,https://in.indeed.com//company/Professional-Manpower-Services/jobs/Data-Analyst-9d526bc7e829b98c?fccid=bb57ab30217a4f39&vjs=3,Data Analyst,Professional Manpower Services,"Noida, Uttar Pradesh",Posted30+ days ago,"Rs. 30,000 - Rs. 60,000 a month"
34,https://in.indeed.com//company/Techneplus/jobs/Bi-Developer-344022276b93b1e4?fccid=ca2dc242f58e938e&vjs=3,BI Developer,Techneplus,"Noida, Uttar Pradesh",EmployerActive 14 days ago,"Rs. 10,00,000 - Rs. 15,00,000 a year"
35,https://in.indeed.com//rc/clk?jk=909465a8986da30e&fccid=faafb1e3608f262f&vjs=3,Data Analyst or Senior Data Analyst,Mothersonsumi INfotech & Designs,"Noida, Uttar Pradesh",Posted18 days ago,N/A
36,https://in.indeed.com//rc/clk?jk=cee84779a6c3e301&fccid=c34475e12f4901e1&vjs=3,Data Analyst,TLC,"New Delhi, Delhi",Posted30+ days ago,N/A
37,https://in.indeed.com//rc/clk?jk=d548a37f77b534c1&fccid=3c38342724c75954&vjs=3,Data Analyst-SSIS ETL,Optum,"Noida, Uttar Pradesh",Posted30+ days ago,N/A
38,https://in.indeed.com//rc/clk?jk=943aed77cf5f64bf&fccid=994b5c764776123e&vjs=3,Data Analyst - Ingestion,Crowe,"Noida, Uttar Pradesh",Posted30+ days ago,N/A
39,https://in.indeed.com//company/Nuage-BizTech-Pvt-Ltd/jobs/Business-Analyst-2cbe91b22533ba33?fccid=e8c864a7e3115768&vjs=3,Business Analyst,Nuage BizTech Pvt Ltd,"Noida, Uttar Pradesh",EmployerActive 8 days ago,"Rs. 6,00,000 - Rs. 10,00,000 a year"
40,https://in.indeed.com//rc/clk?jk=008eb79e3821093e&fccid=42a1a3f0a8b554b7&vjs=3,Data Analyst,Surgical Notes RCM LLC,"Noida, Uttar Pradesh",Posted27 days ago,N/A
41,https://in.indeed.com//rc/clk?jk=5252030fe711586e&fccid=189b4377c880f7e5&vjs=3,newGlobal Workforce Capacity and Data Analyst Sr Manager,Unisys,"Greater Noida, Uttar Pradesh",Posted7 days ago,N/A
42,https://in.indeed.com//company/I-DREAM-DIGITALABS/jobs/Data-Quality-Analyst-Lead-Generation-805719783ad3391c?fccid=c97e06d3b618f88e&vjs=3,newData Quality Analyst with Lead Generation,selling simplified India Pvt Ltd,"Noida, Uttar Pradesh",Posted7 days ago,N/A
43,https://in.indeed.com//rc/clk?jk=54c2313028da26b7&fccid=4d7f4e413bcbbe03&vjs=3,newSenior Data Analyst,Landis Gyr,"Noida, Uttar Pradesh",Posted1 day ago,N/A
44,https://in.indeed.com//rc/clk?jk=71484f218e6bbead&fccid=feaabf8e6a699d3c&vjs=3,Professional 2 Data Analyst (51005671),DXC Technology,"Noida, Uttar Pradesh",Posted10 days ago,N/A
45,https://in.indeed.com//rc/clk?jk=1e01cebda3e8e80b&fccid=c2c37d516c318b49&vjs=3,JD – Data Analyst ( Advanced Excel) (Male/Female candidate),Shri Management Services,"Noida, Uttar Pradesh",Posted29 days ago,"Rs. 6,00,000 - Rs. 8,00,000 a year"
46,https://in.indeed.com//rc/clk?jk=9e0c88770e88a6b1&fccid=39e7cc3fd9e2cd7d&vjs=3,Data Analyst,Iron Systems,"Noida, Uttar Pradesh",Posted27 days ago,N/A
47,https://in.indeed.com//rc/clk?jk=7ae9232f508c3a88&fccid=31746738c5a214e0&vjs=3,Data Analyst,Apsidata,"Noida, Uttar Pradesh",Posted30+ days ago,N/A
48,https://in.indeed.com//company/Econ-One-Research-India-Private-Limited/jobs/Senior-Analyst-a4bef389d87e88fd?fccid=7b75d6294b1fdb7e&vjs=3,Sr. Analyst,Econ One Research India Private Limited,"New Delhi, Delhi",EmployerActive 5 days ago,"Rs. 8,50,000 a year"
49,https://in.indeed.com//rc/clk?jk=1b40a9809d5c0bd3&fccid=b486aa3e21d764be&vjs=3,Analyst,Gamma,"Noida, Uttar Pradesh",Posted30+ days ago,N/A
50,https://in.indeed.com//company/iSource/jobs/Market-Research-Analyst-IT-a9861dd931ff6544?fccid=1b404de7ccf33f11&vjs=3,Market Research Analyst-IT,iSOURCe,"Remote in Noida, Uttar Pradesh",EmployerActive 2 days ago,"Rs. 16,000 - Rs. 20,000 a month"
51,https://in.indeed.com//rc/clk?jk=4e27a0bcec4ee33d&fccid=c72bbd46cf67c3bb&vjs=3,Data Analyst,RightWave,"Noida, Uttar Pradesh",Posted30+ days ago,N/A
52,https://in.indeed.com//company/Pearson-India-Education-Services-Pvt.-Ltd/jobs/Test-Security-Analyst-b4735e794742c9a0?fccid=d9974c77dbf4d195&vjs=3,Test Security Analyst,Pearson India Education Services Pvt. Ltd,"Noida, Uttar Pradesh",EmployerActive 1 day ago,"Rs. 3,00,000 - Rs. 4,50,000 a year"
53,https://in.indeed.com//company/The-Intect/jobs/Business-Analyst-76416ae23de47bea?fccid=1f5651b10d495780&vjs=3,newBusiness Analyst,The Intect,"Noida, Uttar Pradesh",Posted4 days ago,"Rs. 1,00,000 - Rs. 3,00,000 a month"
54,https://in.indeed.com//company/Marktine-Technology-Solutions/jobs/Power-Bi-Developer-d3a2dfbec4e641b7?fccid=4a3d46e28f0964e5&vjs=3,Power BI Developer,Marktine Technology Solutions,"Remote in Noida, Uttar Pradesh",EmployerActive 1 day ago,"Rs. 5,00,000 - Rs. 12,27,760 a year"
55,https://in.indeed.com//rc/clk?jk=f039258ccb0dc791&fccid=994b5c764776123e&vjs=3,Data Analyst - Financial Analyst,Crowe,"Noida, Uttar Pradesh",Posted30+ days ago,N/A
56,https://in.indeed.com//rc/clk?jk=4b3b025bd466085b&fccid=fd32937fcccfaa4a&vjs=3,Head Data Analytics,Strategic Talent Partner,"Noida, Uttar Pradesh",Posted30+ days ago,"Rs. 40,00,000 - Rs. 60,00,000 a year"
57,https://in.indeed.com//rc/clk?jk=35217e2df7acfd3a&fccid=990782d378c3e8b6&vjs=3,Sr. Data Analyst,Ameriprise Financial,"Noida, Uttar Pradesh",Posted30+ days ago,N/A
58,https://in.indeed.com//rc/clk?jk=d3897980aa90df93&fccid=a4e4e2eaf26690c9&vjs=3,Senior Analyst-Finance Data Maintenance,Accenture,"Noida, Uttar Pradesh",Posted30+ days ago,N/A
59,https://in.indeed.com//rc/clk?jk=07014989caad27db&fccid=a4e4e2eaf26690c9&vjs=3,Analyst-Supply chain product operations,Accenture,"Noida, Uttar Pradesh",Posted18 days ago,N/A
60,https://in.indeed.com//company/Group-Futurista/jobs/Market-Research-Analyst-d8d52b5e375b7e34?fccid=d2f1480bb0e2d356&vjs=3,Market Research Analyst,Group Futurista,"Temporarily Remote in Gautam Budh Nagar, Uttar Pradesh",EmployerActive 6 days ago,"Rs. 5,000 - Rs. 20,000 a month"
61,https://in.indeed.com//rc/clk?jk=719814b76091ea7a&fccid=c84ec43ebd794bd4&vjs=3,Data Analyst,WinZO,"New Delhi, Delhi",Posted30+ days ago,N/A
62,https://in.indeed.com//company/Cxl-Technologies/jobs/Market-Research-Analyst-7bbe2cde36f15edc?fccid=a1e88dfa6530bfef&vjs=3,Market Research Analyst(Walk-in Interviews),CXL Technologies,"Noida, Uttar Pradesh",EmployerActive 2 days ago,"Rs. 12,000 a month"
63,https://in.indeed.com//rc/clk?jk=b59729e458e54f87&fccid=61b330b512270335&vjs=3,newFinancial Analyst,Clearwater Analytics,"Noida, Uttar Pradesh",Posted6 days ago,N/A
64,https://in.indeed.com//rc/clk?jk=1a5d1c940cd6ff0b&fccid=424b9d5ffaae8f0b&vjs=3,Lead Analyst - Data Management,Technip Energies,"Noida, Uttar Pradesh",Posted13 days ago,N/A
65,https://in.indeed.com//rc/clk?jk=b352b2416f028502&fccid=3c38342724c75954&vjs=3,"Data Analyst - SQL SSIS and Snowflake - Noida, UP",Optum,"Noida, Uttar Pradesh",Posted30+ days ago,N/A
66,https://in.indeed.com//rc/clk?jk=3b1d85646dd6b05d&fccid=afe30394bfba1470&vjs=3,Gateway - Process Associate - Data Analyst,Genpact,"Noida, Uttar Pradesh",Posted30+ days ago,N/A
67,https://in.indeed.com//rc/clk?jk=5a7cae55b9af9332&fccid=7c34a56f265b4237&vjs=3,Sr. Quality Analyst (QA),Linchpin Technologies,"Noida, Uttar Pradesh",Posted22 days ago,N/A
68,https://in.indeed.com//rc/clk?jk=d4ea9070156eea32&fccid=61b330b512270335&vjs=3,Quantitative Financial Analyst,Clearwater Analytics,"Noida, Uttar Pradesh",Posted15 days ago,N/A
69,https://in.indeed.com//rc/clk?jk=eb4448901d8700b1&fccid=32006ab449771908&vjs=3,Senior Analyst - Data Visualization,Escalent,"Noida, Uttar Pradesh",Posted15 days ago,N/A
70,https://in.indeed.com//rc/clk?jk=358cf25253e75e3c&fccid=994b5c764776123e&vjs=3,Data Governance Analyst,Crowe,"Noida, Uttar Pradesh",Posted30+ days ago,N/A
71,https://in.indeed.com//rc/clk?jk=9f622a3c2968d891&fccid=5ea20d42212f5f18&vjs=3,Research Analyst,Insights Opinion,"Noida, Uttar Pradesh",Posted30+ days ago,N/A
72,https://in.indeed.com//rc/clk?jk=26608239f5daa635&fccid=32006ab449771908&vjs=3,Management Trainee/Analyst - Generic,Escalent,"Noida, Uttar Pradesh",Posted30+ days ago,N/A
73,https://in.indeed.com//company/Techneplus/jobs/Data-Analytic-Support-Engineer-841f2b92234a0e7e?fccid=ca2dc242f58e938e&vjs=3,Data Analytics Support Engineer,Techneplus,"Noida, Uttar Pradesh",EmployerActive 12 days ago,"Rs. 15,00,000 - Rs. 20,00,000 a year"
74,https://in.indeed.com//rc/clk?jk=0b8de5c784f9b650&fccid=cd22d01053af7669&vjs=3,Business Analyst 3-Ops,Oracle,"Noida, Uttar Pradesh",Posted30+ days ago,N/A
75,https://in.indeed.com//rc/clk?jk=828e9a065e923dea&fccid=afe30394bfba1470&vjs=3,Business Analyst - Data Science,Genpact,"Noida, Uttar Pradesh",Posted30+ days ago,N/A
76,https://in.indeed.com//rc/clk?jk=828e9a065e923dea&fccid=afe30394bfba1470&vjs=3,Business Analyst - Data Science,Genpact,"Noida, Uttar Pradesh",Posted30+ days ago,N/A
77,https://in.indeed.com//rc/clk?jk=ba1e968e71a433d7&fccid=552864f934d772c1&vjs=3,Data analysis and Steering,BK Talent Lease Consulting,"New Delhi, Delhi",Posted10 days ago,N/A
78,https://in.indeed.com//rc/clk?jk=fe995ec08dd5c898&fccid=ca0ec46d91a552fb&vjs=3,Junior/Associate Research Analyst,Eninrac Consulting,"Noida, Uttar Pradesh",Posted30+ days ago,N/A
79,https://in.indeed.com//rc/clk?jk=c0a296854178a4fe&fccid=3444e7c94299ba32&vjs=3,newBusiness Analyst,NOKIA,"Noida, Uttar Pradesh",Posted8 days ago,N/A
80,https://in.indeed.com//rc/clk?jk=9ba921ab66bc951d&fccid=fd85f30d9450eafe&vjs=3,newResearch Analyst (Mobility),BIS Research,"Noida, Uttar Pradesh",Posted8 days ago,N/A
81,https://in.indeed.com//rc/clk?jk=ba5c099f7d6ba1b6&fccid=2eb2abcbf23b05a3&vjs=3,Job Opening For KYC Analyst - Delhi Location,Shelby Shielding Futures,"Noida, Uttar Pradesh",Posted30+ days ago,N/A
82,https://in.indeed.com//rc/clk?jk=47c04c48e68a8f40&fccid=91444a28cb181211&vjs=3,Business Sys. Analysis Analyst,NTT DATA,"Noida, Uttar Pradesh",Posted14 days ago,N/A
83,https://in.indeed.com//rc/clk?jk=64ba51c44b2542f5&fccid=32006ab449771908&vjs=3,Analyst (DAW),Escalent,"Noida, Uttar Pradesh",Posted11 days ago,N/A
84,https://in.indeed.com//company/Quess-Corp-Limited/jobs/Tax-Reporting-Analyst-1537b20aabd6ae17?fccid=0c17f90fab932792&vjs=3,Tax Reporting Analyst,Quess Corp Limited,"Remote in Noida, Uttar Pradesh",Posted30+ days ago,"Rs. 5,00,000 a year"
85,https://in.indeed.com//rc/clk?jk=8ef7f62c5b1bbc04&fccid=bfabba614bd5280c&vjs=3,Data Analyst/Associate Analyst,PRS Legislative Research,"New Delhi, Delhi",Posted25 days ago,N/A
86,https://in.indeed.com//rc/clk?jk=da0cc78507b14ca9&fccid=363d27976f5fa667&vjs=3,Product Support Analyst - 6154,ION,"Noida, Uttar Pradesh",Posted30+ days ago,N/A
87,https://in.indeed.com//rc/clk?jk=2ce744232b87331a&fccid=edb4bf50a19b70a9&vjs=3,Senior Data Analyst,Mott MacDonald,"Noida, Uttar Pradesh",Posted30+ days ago,N/A
88,https://in.indeed.com//rc/clk?jk=18a40473cd1d1db7&fccid=a73edd994b0eec45&vjs=3,Data Analyst,Logicsoft International,"New Delhi, Delhi",Posted30+ days ago,N/A
89,https://in.indeed.com//rc/clk?jk=e97c1d95ac52f1e7&fccid=7da13d8ffb2e9c48&vjs=3,Business Intelligence Analyst – Power BI,Atlas,"Noida, Uttar Pradesh",Posted13 days ago,N/A
90,https://in.indeed.com//rc/clk?jk=0820635eaeb1f033&fccid=94537f412b84dc8c&vjs=3,Business Analyst,Kliento Technologies,"Noida, Uttar Pradesh",Posted30+ days ago,N/A
91,https://in.indeed.com//rc/clk?jk=36f893998235ccb7&fccid=4e917d9a3b14765d&vjs=3,Business Analyst - Telco,Paytm,"Noida, Uttar Pradesh",Posted30+ days ago,N/A
92,https://in.indeed.com//company/Pearson-India-Education-Services-Pvt.-Ltd/jobs/Fraud-Analyst-5045eb512cf2c235?fccid=d9974c77dbf4d195&vjs=3,Fraud Analyst (Test Security Analyst),Pearson India Education Services Pvt. Ltd,"Gautam Budh Nagar, Uttar Pradesh",EmployerActive 1 day ago,"Rs. 1,46,985 - Rs. 5,21,250 a year"
93,https://in.indeed.com//company/Busy-Infotech-P-Ltd/jobs/Business-Analyst-ac11f91b9c0f1ee2?fccid=23b67838c66ba404&vjs=3,Business Analyst,BIPL,"New Delhi, Delhi",EmployerActive 3 days ago,"Rs. 5,00,000 - Rs. 10,00,000 a year"
94,https://in.indeed.com//rc/clk?jk=75d5e43f2e814ef4&fccid=7d7d0db04ed504bd&vjs=3,RESEARCH ANALYST,Research Nester,"Noida, Uttar Pradesh",Posted30+ days ago,N/A
95,https://in.indeed.com//rc/clk?jk=a1851dbf7f583fe1&fccid=fcb0f3a2aec809d6&vjs=3,Business Analyst,Asset Infinity,"Remote in Noida, Uttar Pradesh",Posted15 days ago,N/A
96,https://in.indeed.com//rc/clk?jk=30f26fdcebe4005a&fccid=4e917d9a3b14765d&vjs=3,Business Analyst - Assistant Manager.,Paytm,"Noida, Uttar Pradesh",Posted15 days ago,N/A
97,https://in.indeed.com//rc/clk?jk=8d5ceadea634def1&fccid=a4b7e90c6a891db3&vjs=3,newBusiness Process Analyst,Rockwell Automation,"Noida, Uttar Pradesh",Posted3 days ago,N/A
98,https://in.indeed.com//rc/clk?jk=b1d5d38dbb7432e8&fccid=a311d3f78a9495c2&vjs=3,Senior Data Analyst- (SQL) Cyber Security,BlackBerry,"Noida, Uttar Pradesh",Posted30+ days ago,N/A
99,https://in.indeed.com//rc/clk?jk=94c7e28aa0524cbc&fccid=f89deb5a97c7738a&vjs=3,Business Intelligence Analyst 4,Adobe,"Noida, Uttar Pradesh",Posted30+ days ago,N/A
100,https://in.indeed.com//rc/clk?jk=f4f7ccce626e5547&fccid=91444a28cb181211&vjs=3,Data Center Ops Analyst,NTT DATA,"Noida, Uttar Pradesh",Posted30+ days ago,N/A
101,https://in.indeed.com//company/Insight-Print-Communications-Pvt.-Ltd./jobs/Sales-Analyst-Cum-Telecaller-c7583f5c0adad921?fccid=a71efd5cf9a192e4&vjs=3,newSales Analyst cum Telecaller,Insight Print Communications Pvt. Ltd.,"Faridabad, Haryana",EmployerActive 4 days ago,"Rs. 15,000 - Rs. 18,000 a month"
102,https://in.indeed.com//rc/clk?jk=2034ee06b8069a90&fccid=7d4c265376c38165&vjs=3,SQL Data Analyst,SAM Manpower and Career Services,"Noida, Uttar Pradesh",Posted30+ days ago,N/A
103,https://in.indeed.com//rc/clk?jk=73e86abaea1f543b&fccid=9f89a28f2336da78&vjs=3,Business Analyst,ShaktiSoft Projects,"Noida, Uttar Pradesh",Posted30+ days ago,N/A
104,https://in.indeed.com//rc/clk?jk=cdbd50e7e94fb2e2&fccid=0d1386ca25efa609&vjs=3,Business Applications Analyst II,UKG (Ultimate Kronos Group),"Noida, Uttar Pradesh",Posted11 days ago,N/A
105,https://in.indeed.com//rc/clk?jk=bfbca43b369d7d43&fccid=f0d8fbf068c8b69a&vjs=3,Data Analyst,University Living,"Noida, Uttar Pradesh",Posted30+ days ago,N/A
106,https://in.indeed.com//company/Emerging-India-Educational-Services-Pvt-Ltd/jobs/Business-Intelligence-Trainer-3170a1f2f9258d74?fccid=27bb019a73a90d26&vjs=3,Business Intelligence Part Time Trainer ( Power BI),Emerging India Educational Services Pvt Ltd,"Noida, Uttar Pradesh",Posted30+ days ago,"Rs. 500 - Rs. 1,000 an hour"
107,https://in.indeed.com//rc/clk?jk=441bc39f5f138fcd&fccid=990782d378c3e8b6&vjs=3,Sr Business Analyst LFO,Ameriprise Financial,"Noida, Uttar Pradesh",Posted13 days ago,N/A
108,https://in.indeed.com//rc/clk?jk=b6acc9d9a91c2116&fccid=dd616958bd9ddc12&vjs=3,Data Analyst (Senior),FENG GROUP,"New Delhi, Delhi",Posted24 days ago,N/A
109,https://in.indeed.com//rc/clk?jk=f042963112d16799&fccid=afe30394bfba1470&vjs=3,Process Associate - Data Analyst,Genpact,"Noida, Uttar Pradesh",Posted30+ days ago,N/A
110,https://in.indeed.com//rc/clk?jk=d5a2abd6530f54a2&fccid=990782d378c3e8b6&vjs=3,newSr Business Analyst,Ameriprise Financial,"Noida, Uttar Pradesh",PostedToday,N/A
111,https://in.indeed.com//rc/clk?jk=1282995d84a669af&fccid=17d20c9fac272bfa&vjs=3,Database Analyst,Export Genius,"New Delhi, Delhi",Posted18 days ago,N/A
112,https://in.indeed.com//rc/clk?jk=5fd92ed542c11ff1&fccid=b04ae6f3d7726c5f&vjs=3,Software Engineer- Data Analytics (Image and Deep Learning),Pentair,"Noida, Uttar Pradesh",Posted30+ days ago,N/A
113,https://in.indeed.com//rc/clk?jk=c215c241c874b679&fccid=a5cbd2514edf7804&vjs=3,Data Analyst - II,Chegg,"Jasola, Delhi, Delhi",Posted18 days ago,N/A
114,https://in.indeed.com//rc/clk?jk=db97cea1e2c6aa11&fccid=afe30394bfba1470&vjs=3,DG-Business analyst- Data Insight,Genpact,"Noida, Uttar Pradesh",Posted11 days ago,N/A
115,https://in.indeed.com//rc/clk?jk=36ab27ff2fef4df9&fccid=915b1c0ee87e5e8a&vjs=3,Test Security Analyst,Pearson,"Noida, Uttar Pradesh",Posted30+ days ago,N/A
116,https://in.indeed.com//rc/clk?jk=19a12ec50fa36ecd&fccid=994b5c764776123e&vjs=3,HCM Reporting Analyst,Crowe,"Noida, Uttar Pradesh",Posted30+ days ago,N/A
117,https://in.indeed.com//rc/clk?jk=ebc0e48b95c3c64a&fccid=b04ae6f3d7726c5f&vjs=3,Business Development Analyst,Pentair,"Noida, Uttar Pradesh",Posted30+ days ago,N/A
118,https://in.indeed.com//rc/clk?jk=7d11cc8f45d575fa&fccid=0adc2b1bc1615df3&vjs=3,Data Analyst,xtLytics,"Noida, Uttar Pradesh",Posted30+ days ago,N/A
119,https://in.indeed.com//rc/clk?jk=31c7f6771904b4e9&fccid=63222d10a2ac73c3&vjs=3,Senior Data Analyst,Luminar,"New Delhi, Delhi",Posted30+ days ago,N/A
120,https://in.indeed.com//rc/clk?jk=f79d08cf8cdb6ede&fccid=4c2e4bb7de15c14b&vjs=3,Senior Data Analyst,DarioHealth,"New Delhi, Delhi",Posted30+ days ago,N/A
121,https://in.indeed.com//rc/clk?jk=9aa12a71496a5b19&fccid=b9307e48ea949912&vjs=3,Senior Analyst - Research - CPG,The Smart Cube,"Noida, Uttar Pradesh",Posted30+ days ago,N/A
122,https://in.indeed.com//rc/clk?jk=9729503de6dce092&fccid=994b5c764776123e&vjs=3,Data Warehouse and Analytics Lead,Crowe,"Noida, Uttar Pradesh",Posted23 days ago,N/A
123,https://in.indeed.com//rc/clk?jk=b0a0f31dc5133058&fccid=96fa85f22fbfa49e&vjs=3,MIS Analyst / Data Engineer,SLA Consultants India,"Noida, Uttar Pradesh",Posted30+ days ago,N/A
124,https://in.indeed.com//rc/clk?jk=6413edf9c6e03d73&fccid=db9e6b2d86b4afad&vjs=3,"Marketing Data Analyst, AMEA",Trend Micro,"New Delhi, Delhi",Posted14 days ago,N/A
125,https://in.indeed.com//rc/clk?jk=42736cefa7cd936d&fccid=5bcd1ef0a7f4fb99&vjs=3,newCredit Analyst - Citibusiness - C11,Citi,"New Delhi, Delhi",PostedToday,N/A
126,https://in.indeed.com//rc/clk?jk=4ccbe67c31313c33&fccid=c97381c96081aa8a&vjs=3,Market Research Analyst,Lifescience Intellipedia,"Noida, Uttar Pradesh",Posted27 days ago,"Rs. 3,00,000 - Rs. 4,00,000 a year"
127,https://in.indeed.com//rc/clk?jk=a6e1a786e9daf834&fccid=d0d30499c8b16494&vjs=3,IT Business Analyst,Study Group,"Noida, Uttar Pradesh",Posted30+ days ago,N/A
128,https://in.indeed.com//rc/clk?jk=3342f108219b0a75&fccid=f89deb5a97c7738a&vjs=3,"Sr. Analyst, Power BI/SQL",Adobe,"Noida, Uttar Pradesh",Posted30+ days ago,N/A
129,https://in.indeed.com//rc/clk?jk=8da1859b11fcb342&fccid=c92aa478d89f2b69&vjs=3,Business Intelligence Analyst,Flyhomes India,"Noida, Uttar Pradesh",Posted19 days ago,N/A
130,https://in.indeed.com//rc/clk?jk=95ee62ebcfa1a349&fccid=76ad05db71fd5906&vjs=3,newProduct Analyst (SAAS),ONS Interactive Solutions Pvt Ltd,"Noida, Uttar Pradesh",Posted8 days ago,N/A
131,https://in.indeed.com//rc/clk?jk=a8f28a4b64eb7ccd&fccid=fd85f30d9450eafe&vjs=3,Research Analyst (Agritech),BIS Research,"Noida, Uttar Pradesh",Posted30+ days ago,N/A
132,https://in.indeed.com//rc/clk?jk=0eeca559922a0d5e&fccid=cad4b4cdbc2ec903&vjs=3,Business Analyst,VDX.tv,"Noida, Uttar Pradesh",Posted30+ days ago,N/A
133,https://in.indeed.com//company/US-Fair-Group-Inc/jobs/Business-Technology-Analyst-63755b956f3aae37?fccid=7d5c48f2103fd4d5&vjs=3,newBusiness Technology Analyst,US Fair Group Inc,"New Delhi, Delhi",EmployerActive 1 day ago,N/A
134,https://in.indeed.com//rc/clk?jk=08795dc673860c54&fccid=afe30394bfba1470&vjs=3,Sr. Associate - Data Analyst,Genpact,"Noida, Uttar Pradesh",Posted30+ days ago,N/A
135,https://in.indeed.com//rc/clk?jk=a135d0d4fd64e096&fccid=2649d477a146df02&vjs=3,Senior Business Analyst,Channel Web Consulting,"Noida, Uttar Pradesh",Posted30+ days ago,N/A
136,https://in.indeed.com//rc/clk?jk=86dd7189c2ec1334&fccid=3be9025b202d5949&vjs=3,Analyst- WFM,Golden Opportunities,"Noida, Uttar Pradesh",Posted18 days ago,N/A
137,https://in.indeed.com//rc/clk?jk=1d429dc61566b5d5&fccid=a4e4e2eaf26690c9&vjs=3,Senior Analyst-Global Control Tower,Accenture,"Noida, Uttar Pradesh",Posted30+ days ago,N/A
138,https://in.indeed.com//rc/clk?jk=3597d5b8af1d9c8c&fccid=f79fb94da0431d8a&vjs=3,Business Analyst Intern,ioTech Designs,"Noida, Uttar Pradesh",Posted30+ days ago,N/A
139,https://in.indeed.com//rc/clk?jk=52a9ddb517b27ae2&fccid=91444a28cb181211&vjs=3,newBusiness Consulting -Payments Business Analyst,NTT DATA,"Noida, Uttar Pradesh",Posted3 days ago,N/A
140,https://in.indeed.com//rc/clk?jk=faa730137ce5b440&fccid=1544766d4c2915b0&vjs=3,TTT - Data Analytics - Advanced Analyst,EY,"Noida, Uttar Pradesh",Posted18 days ago,N/A
141,https://in.indeed.com//rc/clk?jk=c16b2d1a2420b530&fccid=fd85f30d9450eafe&vjs=3,Senior Research Analyst (Semi-Conductors/ICT),BIS Research,"Noida, Uttar Pradesh",Posted30+ days ago,N/A
142,https://in.indeed.com//rc/clk?jk=eceb772bdbc8b794&fccid=ea44e21a77b5c18c&vjs=3,Business Analyst,EasyLogy,"Noida, Uttar Pradesh",Posted30+ days ago,N/A
143,https://in.indeed.com//rc/clk?jk=3881e34aba15bf73&fccid=fbc6d0e0f256b49e&vjs=3,Business Systems Analyst - DA,Zones,"Noida, Uttar Pradesh",Posted30+ days ago,N/A
144,https://in.indeed.com//rc/clk?jk=eb0b8630866d128a&fccid=fd85f30d9450eafe&vjs=3,Lead Analyst-Chemicals and Materials,BIS Research,"Noida, Uttar Pradesh",Posted30+ days ago,N/A
145,https://in.indeed.com//rc/clk?jk=c088d84b61fb7e12&fccid=994b5c764776123e&vjs=3,"Senior Consultant , Global Financial Crimes Data Analytics",Crowe,"Noida, Uttar Pradesh",Posted23 days ago,N/A
146,https://in.indeed.com//rc/clk?jk=ba6576791a2036d5&fccid=990782d378c3e8b6&vjs=3,Lead Financial Analyst,Ameriprise Financial,"Noida, Uttar Pradesh",Posted30+ days ago,N/A
147,https://in.indeed.com//rc/clk?jk=b43733ad840e9c8d&fccid=dd616958bd9ddc12&vjs=3,newBusiness Analyst,Engineers Passion Software,"Noida, Uttar Pradesh",Posted1 day ago,N/A
148,https://in.indeed.com//rc/clk?jk=431c113ec318d47c&fccid=afe30394bfba1470&vjs=3,Business Analyst - Banking,Genpact,"Noida, Uttar Pradesh",Posted30+ days ago,N/A
149,https://in.indeed.com//rc/clk?jk=0ff5261e55925f52&fccid=b716e44d2c6283e7&vjs=3,"Analyst, Fixed Income Index Research & Design",S&P Global,"Remote in Noida, Uttar Pradesh",Posted27 days ago,N/A
150,https://in.indeed.com//rc/clk?jk=ced9db5cdee9828f&fccid=7e646b8cb4a11b13&vjs=3,Pricing Analyst II,"Stefanini, Inc","Noida, Uttar Pradesh",Posted13 days ago,N/A
151,https://in.indeed.com//rc/clk?jk=b0a0f31dc5133058&fccid=96fa85f22fbfa49e&vjs=3,MIS Analyst / Data Engineer,SLA Consultants India,"Noida, Uttar Pradesh",Posted30+ days ago,N/A
152,https://in.indeed.com//rc/clk?jk=56f463a90e89a638&fccid=f5ac37f2c56810f6&vjs=3,Business Analyst,Kcloud technologies,"Noida, Uttar Pradesh",Posted30+ days ago,N/A
153,https://in.indeed.com//rc/clk?jk=08795dc673860c54&fccid=afe30394bfba1470&vjs=3,Sr. Associate - Data Analyst,Genpact,"Noida, Uttar Pradesh",Posted30+ days ago,N/A
154,https://in.indeed.com//rc/clk?jk=7456ea731409f048&fccid=c657004775716cc5&vjs=3,newBusiness Analyst,Suntec Web Services,"New Delhi, Delhi",Posted7 days ago,N/A
155,https://in.indeed.com//rc/clk?jk=b43733ad840e9c8d&fccid=dd616958bd9ddc12&vjs=3,newBusiness Analyst,Engineers Passion Software,"Noida, Uttar Pradesh",Posted1 day ago,N/A
156,https://in.indeed.com//rc/clk?jk=31c7f6771904b4e9&fccid=63222d10a2ac73c3&vjs=3,Senior Data Analyst,Luminar,"New Delhi, Delhi",Posted30+ days ago,N/A
157,https://in.indeed.com//rc/clk?jk=eceb772bdbc8b794&fccid=ea44e21a77b5c18c&vjs=3,Business Analyst,EasyLogy,"Noida, Uttar Pradesh",Posted30+ days ago,N/A
158,https://in.indeed.com//company/US-Fair-Group-Inc/jobs/Business-Technology-Analyst-63755b956f3aae37?fccid=7d5c48f2103fd4d5&vjs=3,newBusiness Technology Analyst,US Fair Group Inc,"New Delhi, Delhi",EmployerActive 1 day ago,N/A
159,https://in.indeed.com//rc/clk?jk=b65b9d7e1ee768ad&fccid=994b5c764776123e&vjs=3,Business Intelligence Developer,Crowe,"Noida, Uttar Pradesh",Posted13 days ago,N/A
160,https://in.indeed.com//rc/clk?jk=109871ca849ac368&fccid=3c38342724c75954&vjs=3,newSenior Product Analyst - Multiple Locations,Optum,"Noida, Uttar Pradesh",Posted6 days ago,N/A
161,https://in.indeed.com//rc/clk?jk=52a9ddb517b27ae2&fccid=91444a28cb181211&vjs=3,newBusiness Consulting -Payments Business Analyst,NTT DATA,"Noida, Uttar Pradesh",Posted3 days ago,N/A
162,https://in.indeed.com//rc/clk?jk=ba6576791a2036d5&fccid=990782d378c3e8b6&vjs=3,Lead Financial Analyst,Ameriprise Financial,"Noida, Uttar Pradesh",Posted30+ days ago,N/A
163,https://in.indeed.com//rc/clk?jk=fab2c2081fc61f24&fccid=b229e5604b8c67d7&vjs=3,Business System Analyst,Impetus Technologies,"Noida, Uttar Pradesh",Posted30+ days ago,N/A
164,https://in.indeed.com//rc/clk?jk=6c005ac77e84090f&fccid=fd85f30d9450eafe&vjs=3,Lead Analyst - Mobility,BIS Research,"Noida, Uttar Pradesh",Posted30+ days ago,N/A
165,https://in.indeed.com//rc/clk?jk=d5a2abd6530f54a2&fccid=990782d378c3e8b6&vjs=3,newSr Business Analyst,Ameriprise Financial,"Noida, Uttar Pradesh",PostedToday,N/A
166,https://in.indeed.com//rc/clk?jk=d5a2abd6530f54a2&fccid=990782d378c3e8b6&vjs=3,newSr Business Analyst,Ameriprise Financial,"Noida, Uttar Pradesh",PostedToday,N/A
167,https://in.indeed.com//rc/clk?jk=aa071ffbd1fad6c1&fccid=0fff9f75ac2f789b&vjs=3,Power BI Specialist,NS Matrix Services,"New Delhi, Delhi",Posted30+ days ago,"Rs. 1,50,000 - Rs. 6,00,000 a year"
168,https://in.indeed.com//rc/clk?jk=f16c3c3b4ff069c0&fccid=a7c45263be5bd036&vjs=3,"newPrincipal Analyst, Metallurgical Coal",Wood Mackenzie,"New Delhi, Delhi",Posted7 days ago,N/A
169,https://in.indeed.com//company/Right-Head-India/jobs/Power-Bi-Developer-b4aee144d61c2e91?fccid=9072593ba40c5c85&vjs=3,Power BI Developer,Right Head India,"Noida, Uttar Pradesh",EmployerActive 4 days ago,N/A
170,https://in.indeed.com//rc/clk?jk=485c179fd7e3f2ff&fccid=990782d378c3e8b6&vjs=3,Business Systems Analyst II,Ameriprise Financial,"Noida, Uttar Pradesh",Posted30+ days ago,N/A
171,https://in.indeed.com//rc/clk?jk=0db137b3292f4e02&fccid=424b9d5ffaae8f0b&vjs=3,System Analyst HRIS Support,Technip Energies,"Noida, Uttar Pradesh",Posted30+ days ago,N/A
172,https://in.indeed.com//rc/clk?jk=f79d08cf8cdb6ede&fccid=4c2e4bb7de15c14b&vjs=3,Senior Data Analyst,DarioHealth,"New Delhi, Delhi",Posted30+ days ago,N/A
173,https://in.indeed.com//rc/clk?jk=b3ace58d84e0569c&fccid=994b5c764776123e&vjs=3,Data Analytics Consultant,Crowe,"Noida, Uttar Pradesh",Posted30+ days ago,N/A
174,https://in.indeed.com//rc/clk?jk=8bd0fa87a01c3ef5&fccid=c8dd38bc0a0d6e8c&vjs=3,Data Analyst AssociateZobello,Zobello,"New Delhi, Delhi",Posted30+ days ago,N/A
175,https://in.indeed.com//rc/clk?jk=03d77fec61d6b487&fccid=91444a28cb181211&vjs=3,Planning & Scheduling Analyst,NTT DATA,"Noida, Uttar Pradesh",Posted30+ days ago,N/A
176,https://in.indeed.com//rc/clk?jk=a135d0d4fd64e096&fccid=2649d477a146df02&vjs=3,Senior Business Analyst,Channel Web Consulting,"Noida, Uttar Pradesh",Posted30+ days ago,N/A
177,https://in.indeed.com//rc/clk?jk=b1d5d38dbb7432e8&fccid=a311d3f78a9495c2&vjs=3,Senior Data Analyst- (SQL) Cyber Security,BlackBerry,"Noida, Uttar Pradesh",Posted30+ days ago,N/A
178,https://in.indeed.com//rc/clk?jk=37fb5a7fa46bc5f4&fccid=c5633b6905f14c50&vjs=3,CRM Analyst Digital Marketing,Affixious,"Noida, Uttar Pradesh",Posted30+ days ago,N/A
179,https://in.indeed.com//rc/clk?jk=0e03817b87d67a7a&fccid=49edf7ec660670a1&vjs=3,Inventory Quality Analyst,PubMatic,"Temporarily Remote in New Delhi, Delhi",Posted21 days ago,N/A
180,https://in.indeed.com//rc/clk?jk=e6d5d201ad93c5a0&fccid=a4e4e2eaf26690c9&vjs=3,Senior Analyst-Supply Chain Analytics,Accenture,"Noida, Uttar Pradesh",Posted30+ days ago,N/A
181,https://in.indeed.com//rc/clk?jk=9650cc8878894932&fccid=942d7466867b4590&vjs=3,A3-Software Engineer - ETL_Data Warehousing and Business Int...,"R1 RCM, Inc.","Noida, Uttar Pradesh",Posted30+ days ago,N/A
182,https://in.indeed.com//rc/clk?jk=e6d5d201ad93c5a0&fccid=a4e4e2eaf26690c9&vjs=3,Senior Analyst-Supply Chain Analytics,Accenture,"Noida, Uttar Pradesh",Posted30+ days ago,N/A
183,https://in.indeed.com//rc/clk?jk=913d47dc05832be9&fccid=cd22d01053af7669&vjs=3,Systems Analyst 3-Support - Database,Oracle,"New Delhi, Delhi",Posted19 days ago,N/A
184,https://in.indeed.com//rc/clk?jk=722fcd09740eba1a&fccid=86ea1b00191f0b54&vjs=3,"Analyst, Quantitative Research",Clinton Health Access Initiative,"New Delhi, Delhi",Posted30+ days ago,N/A
185,https://in.indeed.com//rc/clk?jk=b73b4fef2ae3cd8a&fccid=a4663807a0b4e33a&vjs=3,Sr. Business Analyst,2COMs,"Noida, Uttar Pradesh",Posted30+ days ago,"Rs. 3,00,000 - Rs. 5,00,000 a year"
186,https://in.indeed.com//rc/clk?jk=72b86693a819dd6d&fccid=16642646fcbb03a1&vjs=3,Associate Analyst,CmaxInsight,"Noida, Uttar Pradesh",Posted30+ days ago,N/A
187,https://in.indeed.com//rc/clk?jk=b726665e2c222b08&fccid=0a24fad8d001a72f&vjs=3,PPC Analyst- Paid Search (Google ads) – USA Shift,Wildnet Technologies,"Noida, Uttar Pradesh",Posted30+ days ago,N/A
188,https://in.indeed.com//rc/clk?jk=0da7d86fac8735a6&fccid=ce4188c7cc27d17e&vjs=3,Senior Modeling Analyst,Risk Management Solutions,"Noida, Uttar Pradesh",Posted27 days ago,N/A
189,https://in.indeed.com//rc/clk?jk=f36c6fd30d0edda3&fccid=39e7cc3fd9e2cd7d&vjs=3,Senior Business Analyst,Iron Systems,"Noida, Uttar Pradesh",Posted30+ days ago,N/A
190,https://in.indeed.com//rc/clk?jk=a6e1a786e9daf834&fccid=d0d30499c8b16494&vjs=3,IT Business Analyst,Study Group,"Noida, Uttar Pradesh",Posted30+ days ago,N/A
191,https://in.indeed.com//rc/clk?jk=fdde83fd9af45bf2&fccid=a9dfdaecb9e80779&vjs=3,Reporting Analyst - Power Bi/tableau,SearchUrCollege,"Noida, Uttar Pradesh",Posted30+ days ago,N/A
192,https://in.indeed.com//rc/clk?jk=d282213efb09d31d&fccid=a4e4e2eaf26690c9&vjs=3,Senior Analyst-Procurement management,Accenture,"Noida, Uttar Pradesh",Posted14 days ago,N/A
193,https://in.indeed.com//rc/clk?jk=41ecddc3ccc7fdd0&fccid=afe30394bfba1470&vjs=3,DG - Process Developer - Data Analyst,Genpact,"Noida, Uttar Pradesh",Posted30+ days ago,N/A
194,https://in.indeed.com//rc/clk?jk=5fd92ed542c11ff1&fccid=b04ae6f3d7726c5f&vjs=3,Software Engineer- Data Analytics (Image and Deep Learning),Pentair,"Noida, Uttar Pradesh",Posted30+ days ago,N/A
195,https://in.indeed.com//rc/clk?jk=d43a8d380b5c2308&fccid=fbc6d0e0f256b49e&vjs=3,Power BI Developer,Zones,"Noida, Uttar Pradesh",Posted30+ days ago,N/A
196,https://in.indeed.com//rc/clk?jk=0da7d86fac8735a6&fccid=ce4188c7cc27d17e&vjs=3,Senior Modeling Analyst,Risk Management Solutions,"Noida, Uttar Pradesh",Posted27 days ago,N/A
197,https://in.indeed.com//rc/clk?jk=cb42c612049aeac0&fccid=feaabf8e6a699d3c&vjs=3,Senior Professional Business Analyst (51000998),DXC Technology,"Noida, Uttar Pradesh",Posted10 days ago,N/A
198,https://in.indeed.com//rc/clk?jk=7c5ce54a8494f83b&fccid=83957617655a47f3&vjs=3,Digital Marketing Analyst,JATO,"New Delhi, Delhi",Posted30+ days ago,N/A
199,https://in.indeed.com//rc/clk?jk=d282213efb09d31d&fccid=a4e4e2eaf26690c9&vjs=3,Senior Analyst-Procurement management,Accenture,"Noida, Uttar Pradesh",Posted14 days ago,N/A
200,https://in.indeed.com//rc/clk?jk=3c02d702beee7ccf&fccid=a1cc2925d582eaa9&vjs=3,Business Intelligence Developer (Power BI),ScaleupAlly,"Noida, Uttar Pradesh",Posted30+ days ago,N/A
201,https://in.indeed.com//rc/clk?jk=913d47dc05832be9&fccid=cd22d01053af7669&vjs=3,Systems Analyst 3-Support - Database,Oracle,"New Delhi, Delhi",Posted19 days ago,N/A
202,https://in.indeed.com//rc/clk?jk=1dd48a642ffe1ca4&fccid=9ef8c0dc355e8022&vjs=3,Business Analyst,Pitney Bowes,"Noida, Uttar Pradesh",Posted30+ days ago,N/A
203,https://in.indeed.com//rc/clk?jk=b40c0f7a20579e5a&fccid=0a24fad8d001a72f&vjs=3,PPC Analyst (Google ads + Facebook expert),Wildnet Technologies,"Noida, Uttar Pradesh",Posted30+ days ago,N/A
204,https://in.indeed.com//rc/clk?jk=23fa7cbd605fcd80&fccid=732d52ae4be9729e&vjs=3,Business Analyst,Knowcross,"New Delhi, Delhi",EmployerActive 6 days ago,N/A
205,https://in.indeed.com//rc/clk?jk=2c16deac4d94661a&fccid=990782d378c3e8b6&vjs=3,Lead Business Systems Analyst,Ameriprise Financial,"Noida, Uttar Pradesh",Posted30+ days ago,N/A
206,https://in.indeed.com//rc/clk?jk=a6e1a786e9daf834&fccid=d0d30499c8b16494&vjs=3,IT Business Analyst,Study Group,"Noida, Uttar Pradesh",Posted30+ days ago,N/A
207,https://in.indeed.com//rc/clk?jk=b2acf162b1f13708&fccid=1639f2987088dc5c&vjs=3,Service Pricing Analyst,Smiths Detection,"New Delhi, Delhi",Posted30+ days ago,N/A
208,https://in.indeed.com//rc/clk?jk=722fcd09740eba1a&fccid=86ea1b00191f0b54&vjs=3,"Analyst, Quantitative Research",Clinton Health Access Initiative,"New Delhi, Delhi",Posted30+ days ago,N/A
209,https://in.indeed.com//rc/clk?jk=a2bd83fcac79d798&fccid=2621bda05d25feeb&vjs=3,"Sr Analyst, Global Finance Operations",Precisely,"Noida, Uttar Pradesh",Posted30+ days ago,N/A
210,https://in.indeed.com//rc/clk?jk=17f132b28a77669e&fccid=563b24246db090a3&vjs=3,Product Analyst,Oye! Rickshaw,"New Delhi, Delhi",Posted30+ days ago,N/A
211,https://in.indeed.com//rc/clk?jk=7c5ce54a8494f83b&fccid=83957617655a47f3&vjs=3,Digital Marketing Analyst,JATO,"New Delhi, Delhi",Posted30+ days ago,N/A
212,https://in.indeed.com//rc/clk?jk=28738c993a857c12&fccid=906e0ed766138448&vjs=3,"Senior Analyst, Market Insight",NTT Ltd,"New Delhi, Delhi",Posted30+ days ago,N/A
213,https://in.indeed.com//company/Bluelupin-Technologies-Private-Limited/jobs/Business-Analyst-ddd9a8e43a3efe5e?fccid=ffceb1361eec4ff0&vjs=3,Business Analyst (4+ yrs exp),Bluelupin Technologies Private Limited,"Noida, Uttar Pradesh",EmployerActive 15 days ago,N/A
214,https://in.indeed.com//rc/clk?jk=b40c0f7a20579e5a&fccid=0a24fad8d001a72f&vjs=3,PPC Analyst (Google ads + Facebook expert),Wildnet Technologies,"Noida, Uttar Pradesh",Posted30+ days ago,N/A
215,https://in.indeed.com//rc/clk?jk=3652a5c835e8e7ed&fccid=dd616958bd9ddc12&vjs=3,Lead Business Analyst,UZIO Technology India Pvt Ltd,"Noida, Uttar Pradesh",Posted30+ days ago,N/A
216,https://in.indeed.com//rc/clk?jk=6d2c312e627e6a2d&fccid=3c38342724c75954&vjs=3,"newSr. Data Analyst - ETL,SSIS,SQL,Data warehouse - Noida, UP",Optum,"Noida, Uttar Pradesh",Posted6 days ago,N/A
217,https://in.indeed.com//rc/clk?jk=f6e05f1ad24583dc&fccid=c92aa478d89f2b69&vjs=3,"Business Intelligence Manager, Operations",Flyhomes India,"Noida, Uttar Pradesh",Posted18 days ago,N/A
218,https://in.indeed.com//rc/clk?jk=dc486d6b7092f190&fccid=ce4188c7cc27d17e&vjs=3,"Sr. Analyst, Modeling",Risk Management Solutions (RMS),"Noida, Uttar Pradesh",Posted30+ days ago,N/A
219,https://in.indeed.com//rc/clk?jk=8bd0fa87a01c3ef5&fccid=c8dd38bc0a0d6e8c&vjs=3,Data Analyst AssociateZobello,Zobello,"New Delhi, Delhi",Posted30+ days ago,N/A
220,https://in.indeed.com//company/IFPRI/jobs/Research-Analyst-61e4f5dbc6cfe588?fccid=66091ae2f4aeb620&vjs=3,Research Analyst II/ Sr. Research Analyst I,IFPRI (International Food Policy Research...,"New Delhi, Delhi",Posted30+ days ago,N/A
221,https://in.indeed.com//rc/clk?jk=b1d5d38dbb7432e8&fccid=a311d3f78a9495c2&vjs=3,Senior Data Analyst- (SQL) Cyber Security,BlackBerry,"Noida, Uttar Pradesh",Posted30+ days ago,N/A
222,https://in.indeed.com//rc/clk?jk=a6821cb5f17c10e4&fccid=6fa81b2fa876fb59&vjs=3,Functional Consultant/ Business Analyst,Mirketa,"Noida, Uttar Pradesh",Posted30+ days ago,N/A
223,https://in.indeed.com//rc/clk?jk=722fcd09740eba1a&fccid=86ea1b00191f0b54&vjs=3,"Analyst, Quantitative Research",Clinton Health Access Initiative,"New Delhi, Delhi",Posted30+ days ago,N/A
224,https://in.indeed.com//rc/clk?jk=05d8147aee186d4d&fccid=47c21af07b6779b8&vjs=3,Digital marketing analyst,Nine Digital,"New Delhi, Delhi",Posted30+ days ago,N/A
225,https://in.indeed.com//rc/clk?jk=4f0954366a654857&fccid=afe30394bfba1470&vjs=3,Business Analyst - MS,Genpact,"Noida, Uttar Pradesh",Posted30+ days ago,N/A
226,https://in.indeed.com//rc/clk?jk=823c073f55bbd9bc&fccid=afe30394bfba1470&vjs=3,Process Developer - Data visualization,Genpact,"Noida, Uttar Pradesh",Posted30+ days ago,N/A
227,https://in.indeed.com//rc/clk?jk=a6e1a786e9daf834&fccid=d0d30499c8b16494&vjs=3,IT Business Analyst,Study Group,"Noida, Uttar Pradesh",Posted30+ days ago,N/A
228,https://in.indeed.com//rc/clk?jk=b2acf162b1f13708&fccid=1639f2987088dc5c&vjs=3,Service Pricing Analyst,Smiths Detection,"New Delhi, Delhi",Posted30+ days ago,N/A
229,https://in.indeed.com//rc/clk?jk=f79d08cf8cdb6ede&fccid=4c2e4bb7de15c14b&vjs=3,Senior Data Analyst,DarioHealth,"New Delhi, Delhi",Posted30+ days ago,N/A
230,https://in.indeed.com//rc/clk?jk=3652a5c835e8e7ed&fccid=dd616958bd9ddc12&vjs=3,Lead Business Analyst,UZIO Technology India Pvt Ltd,"Noida, Uttar Pradesh",Posted30+ days ago,N/A
231,https://in.indeed.com//rc/clk?jk=d43a8d380b5c2308&fccid=fbc6d0e0f256b49e&vjs=3,Power BI Developer,Zones,"Noida, Uttar Pradesh",Posted30+ days ago,N/A
232,https://in.indeed.com//rc/clk?jk=f6e05f1ad24583dc&fccid=c92aa478d89f2b69&vjs=3,"Business Intelligence Manager, Operations",Flyhomes India,"Noida, Uttar Pradesh",Posted18 days ago,N/A
233,https://in.indeed.com//rc/clk?jk=e84e5a395cf8d862&fccid=f89deb5a97c7738a&vjs=3,Business Intelligence Specialist,Adobe,"Noida, Uttar Pradesh",Posted30+ days ago,N/A
234,https://in.indeed.com//rc/clk?jk=cc00431d3fae4b01&fccid=afe30394bfba1470&vjs=3,DG-Business Analyst - AML/KYC,Genpact,"Noida, Uttar Pradesh",Posted30+ days ago,N/A
235,https://in.indeed.com//rc/clk?jk=23fa7cbd605fcd80&fccid=732d52ae4be9729e&vjs=3,Business Analyst,Knowcross,"New Delhi, Delhi",EmployerActive 6 days ago,N/A
236,https://in.indeed.com//rc/clk?jk=b1d5d38dbb7432e8&fccid=a311d3f78a9495c2&vjs=3,Senior Data Analyst- (SQL) Cyber Security,BlackBerry,"Noida, Uttar Pradesh",Posted30+ days ago,N/A
237,https://in.indeed.com//rc/clk?jk=b40c0f7a20579e5a&fccid=0a24fad8d001a72f&vjs=3,PPC Analyst (Google ads + Facebook expert),Wildnet Technologies,"Noida, Uttar Pradesh",Posted30+ days ago,N/A
238,https://in.indeed.com//rc/clk?jk=2913e6c2949b0a44&fccid=407208a60bfc4c49&vjs=3,Third Party Risk Analyst,TMF Group,"Noida, Uttar Pradesh",Posted28 days ago,N/A
239,https://in.indeed.com//rc/clk?jk=2c16deac4d94661a&fccid=990782d378c3e8b6&vjs=3,Lead Business Systems Analyst,Ameriprise Financial,"Noida, Uttar Pradesh",Posted30+ days ago,N/A
240,https://in.indeed.com//pagead/clk?mo=r&ad=-6NYlbfkN0BRT_J8tESNZROimpc0WyD7EGfhllYDKcBPIyLxids1Tds0XE-AWRCee3Hrfxz-ITHByRiJznCkVj4y72847kbvKt0ICqQUtAoOI5RQ3vYGgkOLccmtnDSMlEroWEevZQyPwtdkX9QA8p7JbrIS4JNOSop1SZ9DaMrE5UmmjCZWg5uTbjcNEE7TPlXTKnspc8olbJs_wDmdvLCY8hogGc9AnaAELPaVX2QS-asbtwZpV5gSN6TFGfPfvEJ0MrxoNzMkFP7yqgicirKor-j5NMoC3ShVv1HX_Ee_TPOQAD-0ymvoCoewJFgSsgPBoeV4iffZLKiNS1w7v5X1W_Jj3vs3eCFKRqKRXCYT8ncik2YRv_lUU9qeUQeHA9S1P0rN-gpnLaTpFKtkXULv-LlJcgEO1sDlaH295RReSZ1ZP3-Gd4nHYfODSNYSahno_9aMEqSIUobvQQe_scXezYJU9B1iurngY0h3YB0=&p=14&fvj=0&vjs=3,newIT HR Senior Business Analyst,Boston Consulting Group,"New Delhi, Delhi",Posted8 days ago,N/A
241,https://in.indeed.com//rc/clk?jk=8be1ff5f4c1b2634&fccid=a4e4e2eaf26690c9&vjs=3,Analyst-Supply Chain Analytics,Accenture,"Noida, Uttar Pradesh",Posted30+ days ago,N/A
242,https://in.indeed.com//rc/clk?jk=b40c0f7a20579e5a&fccid=0a24fad8d001a72f&vjs=3,PPC Analyst (Google ads + Facebook expert),Wildnet Technologies,"Noida, Uttar Pradesh",Posted30+ days ago,N/A
243,https://in.indeed.com//rc/clk?jk=0e03817b87d67a7a&fccid=49edf7ec660670a1&vjs=3,Inventory Quality Analyst,PubMatic,"Temporarily Remote in New Delhi, Delhi",Posted21 days ago,N/A
244,https://in.indeed.com//rc/clk?jk=55ce33b2d384630a&fccid=fd85f30d9450eafe&vjs=3,"Lead Analyst - Sustainability (Agri, Food & Energy)",BIS Research,"Noida, Uttar Pradesh",Posted30+ days ago,N/A
245,https://in.indeed.com//rc/clk?jk=b1d5d38dbb7432e8&fccid=a311d3f78a9495c2&vjs=3,Senior Data Analyst- (SQL) Cyber Security,BlackBerry,"Noida, Uttar Pradesh",Posted30+ days ago,N/A
246,https://in.indeed.com//rc/clk?jk=f36c6fd30d0edda3&fccid=39e7cc3fd9e2cd7d&vjs=3,Senior Business Analyst,Iron Systems,"Noida, Uttar Pradesh",Posted30+ days ago,N/A
247,https://in.indeed.com//rc/clk?jk=c088d84b61fb7e12&fccid=994b5c764776123e&vjs=3,"Senior Consultant , Global Financial Crimes Data Analytics",Crowe,"Noida, Uttar Pradesh",Posted23 days ago,N/A
248,https://in.indeed.com//rc/clk?jk=2913e6c2949b0a44&fccid=407208a60bfc4c49&vjs=3,Third Party Risk Analyst,TMF Group,"Noida, Uttar Pradesh",Posted28 days ago,N/A
249,https://in.indeed.com//rc/clk?jk=3652a5c835e8e7ed&fccid=dd616958bd9ddc12&vjs=3,Lead Business Analyst,UZIO Technology India Pvt Ltd,"Noida, Uttar Pradesh",Posted30+ days ago,N/A
250,https://in.indeed.com//rc/clk?jk=910dad2febc0476b&fccid=d00bcbf4ac1efa28&vjs=3,Power BI Developer,Prowess India,"Noida, Uttar Pradesh",Posted27 days ago,N/A
251,https://in.indeed.com//rc/clk?jk=2c16deac4d94661a&fccid=990782d378c3e8b6&vjs=3,Lead Business Systems Analyst,Ameriprise Financial,"Noida, Uttar Pradesh",Posted30+ days ago,N/A
252,https://in.indeed.com//rc/clk?jk=155ddb86b5d1cbe7&fccid=fd85f30d9450eafe&vjs=3,newResearch Analyst (Aerospace & Defense),BIS Research,"Noida, Uttar Pradesh",Posted8 days ago,N/A
253,https://in.indeed.com//rc/clk?jk=47575026744f295d&fccid=afe30394bfba1470&vjs=3,DG- Business analyst- Risk MGT,Genpact,"Noida, Uttar Pradesh",Posted30+ days ago,N/A
254,https://in.indeed.com//rc/clk?jk=2b901a97d6b3947a&fccid=fbc6d0e0f256b49e&vjs=3,D365 Reporting & BI Lead,Zones,"Noida, Uttar Pradesh",Posted30+ days ago,N/A
255,https://in.indeed.com//pagead/clk?mo=r&ad=-6NYlbfkN0BRT_J8tESNZROimpc0WyD7EGfhllYDKcBPIyLxids1Tds0XE-AWRCee3Hrfxz-ITHByRiJznCkVj4y72847kbvKt0ICqQUtAoOI5RQ3vYGgkOLccmtnDSMlEroWEevZQyPwtdkX9QA8p7JbrIS4JNOSop1SZ9DaMrE5UmmjCZWg92cLcq8zQDCO-8f2ue7MTEZBQHEgbtlBX6kaW69siQn2RN5m_cEzU-_Y_ctCGPc1-LX8FPhDpUGz9I8-OTBMUSJ9uZUv67U0J_eftR8w7hAMj3SWthh3U8i9iJkQCpiU6GRb5LdpOxY-8WHHURLKhBEVk2uRTLbuji7jUxaPS8gE82m5VZ3E19U09ixl4u5M5fFlrqyUVV-XKwNqDKvZ9NTH87eULpbDNfZ--4Ue4kiLeSMqw3ZzB7tbkvX6DZF5G6Sww737x8alZLjfzM6eORw7uYIm28HVQlAO-UbPJ0IhzfnmFsFQsA=&p=14&fvj=0&vjs=3,newIT HR Senior Business Analyst,Boston Consulting Group,"New Delhi, Delhi",Posted8 days ago,N/A
256,https://in.indeed.com//pagead/clk?mo=r&ad=-6NYlbfkN0BRT_J8tESNZROimpc0WyD7EGfhllYDKcBPIyLxids1Tds0XE-AWRCee3Hrfxz-ITHByRiJznCkVj4y72847kbvKt0ICqQUtAoOI5RQ3vYGgkOLccmtnDSMlEroWEevZQyPwtdkX9QA8p7JbrIS4JNOSop1SZ9DaMrE5UmmjCZWg8Ua3iAlBd2DSiZA_CfclQs4TQsnHl-kxhC41VUcfqchSe7VTZi8zeKAMLrSsuyDqWSp9unrCGPtz45XbRQQvfw1mn8QcrQeuHhtzxC-8s2drxCKJARuqGmblMP-MHvxtJvvilmtekcbh0UL6TUh93rRFAHIosiBU0xBfGj0lFWas6KfRf9DyQJ6sanWg4oCwbf10zWOLFImDSaDQDx2l0fN5UY7MdKPJx2eKGlcbT3eg8wPmNBZJBSMCcwuNsJ0p3yGHOvWCbaI69e0ra88TdEmbYR0cwmP-JmfwANN9IhM5i4fem5gbms=&p=0&fvj=0&vjs=3,newIT HR Senior Business Analyst,Boston Consulting Group,"New Delhi, Delhi",Posted8 days ago,N/A
257,https://in.indeed.com//rc/clk?jk=c9ba5b92ff9657d5&fccid=88f5eba43de70e76&vjs=3,Data Management and Analysis Services Associate IV,Conduent,"Noida, Uttar Pradesh",Posted26 days ago,N/A
258,https://in.indeed.com//rc/clk?jk=b3e421089e7b44b5&fccid=afe30394bfba1470&vjs=3,Manager - Data Analyst,Genpact,"Noida, Uttar Pradesh",Posted30+ days ago,N/A
259,https://in.indeed.com//rc/clk?jk=64e7ab8c6eef4ec5&fccid=91444a28cb181211&vjs=3,Business Intelligence Specialist,NTT DATA,"Noida, Uttar Pradesh",Posted30+ days ago,N/A
260,https://in.indeed.com//company/Bluelupin-Technologies-Private-Limited/jobs/Business-Analyst-ddd9a8e43a3efe5e?fccid=ffceb1361eec4ff0&vjs=3,Business Analyst (4+ yrs exp),Bluelupin Technologies Private Limited,"Noida, Uttar Pradesh",EmployerActive 15 days ago,N/A
261,https://in.indeed.com//rc/clk?jk=69f4d2ecc074020b&fccid=3e093dcca6523ac0&vjs=3,"Business Intelligence engineer (Power BI, SQL, Python)",forstaffing india,"Noida, Uttar Pradesh",Posted30+ days ago,N/A
262,https://in.indeed.com//rc/clk?jk=9528f1a4f49737d3&fccid=d13187a50c252e33&vjs=3,"Analyst II, Business Process Job",Boston Scientific Corporation,"Hybrid remote in New Delhi, Delhi",Posted30+ days ago,N/A
263,https://in.indeed.com//rc/clk?jk=bef6a816e9bc7981&fccid=96c233ccb1f1b59f&vjs=3,Database Administration & Support Analyst,RxLogix,"Noida, Uttar Pradesh",Posted30+ days ago,N/A
264,https://in.indeed.com//rc/clk?jk=913d47dc05832be9&fccid=cd22d01053af7669&vjs=3,Systems Analyst 3-Support - Database,Oracle,"New Delhi, Delhi",Posted19 days ago,N/A
265,https://in.indeed.com//rc/clk?jk=168628b3c0f9e64b&fccid=88f5eba43de70e76&vjs=3,Data Management and Analysis Services Analyst I,Conduent,"Noida, Uttar Pradesh",Posted30+ days ago,N/A
266,https://in.indeed.com//rc/clk?jk=dcb8ab8ab1ee59db&fccid=2b1e42f645eeaf1e&vjs=3,newCIEL/STF/26584: Financial Analyst - 4 Years - Noida,CIEL HR Services,"Noida, Uttar Pradesh",Posted5 days ago,N/A
267,https://in.indeed.com//rc/clk?jk=6cddabcaab328f09&fccid=49b7b2ce845ef5d7&vjs=3,Data Analyst,Growth Hub Consultants,"New Delhi, Delhi",Posted29 days ago,N/A
268,https://in.indeed.com//rc/clk?jk=910dad2febc0476b&fccid=d00bcbf4ac1efa28&vjs=3,Power BI Developer,Prowess India,"Noida, Uttar Pradesh",Posted27 days ago,N/A
269,https://in.indeed.com//rc/clk?jk=1dd48a642ffe1ca4&fccid=9ef8c0dc355e8022&vjs=3,Business Analyst,Pitney Bowes,"Noida, Uttar Pradesh",Posted30+ days ago,N/A
270,https://in.indeed.com//pagead/clk?mo=r&ad=-6NYlbfkN0BRT_J8tESNZROimpc0WyD7EGfhllYDKcBPIyLxids1Tds0XE-AWRCee3Hrfxz-ITHKTJBiA-Eoohq1h1wmP37zT5WzqpqH1McQgi8c-OwmutE1Fk8G4V0Wa8olvfwjBmZ0Ud9gdeBCZ4TV_r-rzzc0qwSqC2DDH2NWOWG_OvgzcwQsMzB3Hvvg4fVkk9GiI741zhJr1NmQ3BcmdMvJqEONg8ztpY3AUwZXydDE-JC5oVSNCC9ZpjpPdNEskE7Xrdgjg32Ib_dwcyDkqoP4yk4y4xJUERPLaBfHcWHqErq8Ubr2tsQs85TbaTU3QYjv2428sP0iSZ2-shsKUIHMN4e7S5TrpqWfdhMdbaEuYamk05JHGi6FEFC-NM49qezKcp2OPA36MDp3gNCzKQ04v3X400NBuzV3sqAwF9rio20b0QlcYHmaQX1JnlfbT46Kt-1JtnMpqnfUjMS7FUnL0nUQ4bFLcGbULw4=&p=14&fvj=0&vjs=3,Lead Visual Engineer/Analyst,Boston Consulting Group,"New Delhi, Delhi",Posted30+ days ago,N/A
271,https://in.indeed.com//rc/clk?jk=55d91284c3ba7df5&fccid=6d4bbaf1cd8e20a1&vjs=3,Business Intelligence Analyst,ScoopWhoop,"New Delhi, Delhi",Posted30+ days ago,N/A
272,https://in.indeed.com//rc/clk?jk=71f7d969a786f073&fccid=e81dd18605b237a2&vjs=3,CRM Business Data Analyst,Harappa Learning,"New Delhi, Delhi",Posted30+ days ago,N/A
273,https://in.indeed.com//rc/clk?jk=910dad2febc0476b&fccid=d00bcbf4ac1efa28&vjs=3,Power BI Developer,Prowess India,"Noida, Uttar Pradesh",Posted27 days ago,N/A
274,https://in.indeed.com//rc/clk?jk=5f3b104bcf898ea3&fccid=a4e4e2eaf26690c9&vjs=3,Senior Analyst-Procure to Pay Processing,Accenture,"Noida, Uttar Pradesh",Posted30+ days ago,N/A
275,https://in.indeed.com//rc/clk?jk=d4578c484c46e8b8&fccid=85863bd796001301&vjs=3,Senior Insights Analyst,Convosight,"New Delhi, Delhi",Posted30+ days ago,N/A
276,https://in.indeed.com//rc/clk?jk=b719b7f77994e7dd&fccid=85863bd796001301&vjs=3,Senior Financial Analyst,Convosight,"New Delhi, Delhi",Posted30+ days ago,N/A
277,https://in.indeed.com//rc/clk?jk=8339dbc7c73abd3f&fccid=d13187a50c252e33&vjs=3,"Analyst II, Business Systems Job",Boston Scientific Corporation,"Temporarily Remote in New Delhi, Delhi",Posted30+ days ago,N/A
278,https://in.indeed.com//rc/clk?jk=2f59641d98a2645f&fccid=6caf0037306e4425&vjs=3,Lead Analyst - Data Management,Taurus Contractors,"Noida, Uttar Pradesh",Posted30+ days ago,N/A
279,https://in.indeed.com//rc/clk?jk=66695fdc92631dca&fccid=91444a28cb181211&vjs=3,Database Administration Analyst,NTT DATA,"Noida, Uttar Pradesh",Posted30+ days ago,N/A
280,https://in.indeed.com//rc/clk?jk=f7c04bac2c76e661&fccid=c925cbe62940a43a&vjs=3,National Researcher - Data Analysis and Visualization,International Water Management Institute,"New Delhi, Delhi",Posted11 days ago,N/A
281,https://in.indeed.com//rc/clk?jk=f4b71aa935a3d579&fccid=994b5c764776123e&vjs=3,Data Analytics Developer,Crowe,"Noida, Uttar Pradesh",Posted12 days ago,N/A
282,https://in.indeed.com//rc/clk?jk=a5f7eb2c2626938d&fccid=bdc8bc8a7a6c2698&vjs=3,Business Analyst - E-Commerce,Happily Unmarried,"New Delhi, Delhi",Posted30+ days ago,N/A
283,https://in.indeed.com//rc/clk?jk=c872c6385cc331f5&fccid=a25bfd95fd20e99a&vjs=3,"Technical Lead, System Analyst",Landis+Gyr,"Noida, Uttar Pradesh",Posted30+ days ago,N/A
284,https://in.indeed.com//rc/clk?jk=abbfef7e079350e0&fccid=097df0ce9a66dafd&vjs=3,Data Scientist- Risk Analytics,Array Management Consultants,"Noida, Uttar Pradesh",Posted18 days ago,N/A
285,https://in.indeed.com//pagead/clk?mo=r&ad=-6NYlbfkN0BRT_J8tESNZROimpc0WyD7EGfhllYDKcBPIyLxids1Tds0XE-AWRCee3Hrfxz-ITFTTJ2O_ZJcj2JPpdjYVnZD8jYauuveFTCJ7hL3GvwU5n_WoufJS_KusWhlk381kByWRN-7YVBx_e5R5iQBKcu3d6ctJR0Zks-Uu8bBwOePjV6tj-Q4QgJ3sIpOOTUPOdzifuurWCaMbI3AH6upvA4l1tXRuwM4cidPoyVvKtq2Qt9bAEMkH35jC7v_4i7-7Zbfr-XXsnQgftN4HKc_sL7j9jHWHeOrNndKPB8c9cmESawP6KSrhSrFWu0DiFn1N5U9rJbWeq91XXlmjMBL_jbBAPc8nLLvEdGwttEKa1L8oXbeox92lfAc74uZ9ALWBbEWP9ZHJvxBfua10FkPtZ6yEwvslWFwWuMuJMnz9zgdFAxgx7eyczIUewUHa7YBNS-gTpG9Ph555GB6ChX74K1yCltfu6QtjUQ=&p=14&fvj=0&vjs=3,Security & Risk Compliance Analyst,Boston Consulting Group,"New Delhi, Delhi",Posted12 days ago,N/A
286,https://in.indeed.com//rc/clk?jk=66695fdc92631dca&fccid=91444a28cb181211&vjs=3,Database Administration Analyst,NTT DATA,"Noida, Uttar Pradesh",Posted30+ days ago,N/A
287,https://in.indeed.com//rc/clk?jk=b719b7f77994e7dd&fccid=85863bd796001301&vjs=3,Senior Financial Analyst,Convosight,"New Delhi, Delhi",Posted30+ days ago,N/A
288,https://in.indeed.com//pagead/clk?mo=r&ad=-6NYlbfkN0BRT_J8tESNZROimpc0WyD7EGfhllYDKcBPIyLxids1Tds0XE-AWRCee3Hrfxz-ITHByRiJznCkVj4y72847kbvKt0ICqQUtAoOI5RQ3vYGgkOLccmtnDSMlEroWEevZQyPwtdkX9QA8p7JbrIS4JNOSop1SZ9DaMrE5UmmjCZWg_ARg49OFWSX6YelTSfwLl-SX4amObj3sMmQvMFGL5qv8INUOPn8Hwp1qH2iS2ueeY-W1MpTb2MxQ7n87b27rmAnsxeLilbAyD9qKuEBY43iAXekxYKamL-PBkfI2ATvNEJ5Vy6fRKfdjiBX68gAyxMaFH0P660NA8cONrvGVYh7RijgqUfnNpJZG2qntviQGJYZ_NvSOB3QR8So86EVvmtXBiahgGxoCFK_B1xFrrAvDrpMgTDnvzFsLtTwQ0iUuGnj_OfKsKGEXJ6RDozzPD1PoDFeaKB9uFXXLiY6koPM0ACn1Dt0UFk=&p=2&fvj=0&vjs=3,newIT HR Senior Business Analyst,Boston Consulting Group,"New Delhi, Delhi",Posted8 days ago,N/A
289,https://in.indeed.com//rc/clk?jk=f4b71aa935a3d579&fccid=994b5c764776123e&vjs=3,Data Analytics Developer,Crowe,"Noida, Uttar Pradesh",Posted12 days ago,N/A
290,https://in.indeed.com//rc/clk?jk=a38b422031d78506&fccid=47796a11b14d4be4&vjs=3,Business System Analyst,Ramognee Technologies,"New Delhi, Delhi",Posted30+ days ago,N/A
291,https://in.indeed.com//rc/clk?jk=4420e3e40037798d&fccid=9aa6a880ca4b05fd&vjs=3,Data Analytics solutions,ACZ Global,"Noida, Uttar Pradesh",Posted29 days ago,N/A
292,https://in.indeed.com//rc/clk?jk=b98236a41b4d4b23&fccid=2b1e42f645eeaf1e&vjs=3,CIEL/SEL/24241: Business Analyst,CIEL HR Services,"Noida, Uttar Pradesh",Posted30+ days ago,N/A
293,https://in.indeed.com//rc/clk?jk=cabb900132a2e57b&fccid=fe2d21eef233e94a&vjs=3,"Business Intelligence Engineer, Consumer Finance Technology",ADCI - Uttar Pradesh,"Noida, Uttar Pradesh",Posted30+ days ago,N/A
294,https://in.indeed.com//company/Pandoblox/jobs/Netsuite-Business-Analyst-1d8af3ccce3132c0?fccid=685fba65c1b20fa4&vjs=3,"Job#20220524RT NetSuite Business Analyst - Remote, India",Pandoblox,"Remote in New Delhi, Delhi",Posted20 days ago,N/A
295,https://in.indeed.com//rc/clk?jk=55d90345cce81c93&fccid=fcce311099a3a228&vjs=3,Senior Associate - DI - Data Analytics,Alvarez & Marsal,"New Delhi, Delhi",Posted30+ days ago,N/A
296,https://in.indeed.com//rc/clk?jk=ade72049f7b6cc35&fccid=2aeb31aaa6dbf952&vjs=3,PMO Analyst,Accedo,"New Delhi, Delhi",Posted30+ days ago,N/A
297,https://in.indeed.com//rc/clk?jk=8ad5b9a3488d2511&fccid=0fff9f75ac2f789b&vjs=3,"Associate, Business Analyst ( MBA Freshers)",NS Matrix Services,"New Delhi, Delhi",Posted30+ days ago,"Rs. 1,50,000 - Rs. 2,50,000 a year"
298,https://in.indeed.com//rc/clk?jk=4dad40b23842706c&fccid=a5cbd2514edf7804&vjs=3,Business Intelligence Developer - I,Chegg,"Jasola, Delhi, Delhi",Posted30+ days ago,N/A
299,https://in.indeed.com//pagead/clk?mo=r&ad=-6NYlbfkN0BRT_J8tESNZROimpc0WyD7EGfhllYDKcBPIyLxids1Tds0XE-AWRCee3Hrfxz-ITHKTJBiA-Eoohq1h1wmP37zT5WzqpqH1McQgi8c-OwmutE1Fk8G4V0Wa8olvfwjBmZ0Ud9gdeBCZ4TV_r-rzzc0qwSqC2DDH2NWOWG_Ovgzc5l-qaWYqaV3w6yM6zjRF1ywkdNxHau0CrRayA61Del5Jwlef6EnnZz3jjhUU4-pq8G23I7FhDsANE3QaL7poJV4bjEY-hib8LmhMMH1FBbBwNe4bhqIzi-R0ll4Ak1MhF-6kjvmvGfl4FHUlCj4WI8F0yH9dtRELhVQpwNcTFravB0O0Ne3uAitYzQa9QCFecUVp80z40_YlZA7tgbdR8OYhLi5ABUeJqc74bIbzYoF4r4ZNGorWmrA-NPvFDVtjVboxncwwWQIgSv_W4Gi1okXvcZzCpUdbHVMAEbJO-WovJWkl-xpKHc=&p=13&fvj=0&vjs=3,Lead Visual Engineer/Analyst,Boston Consulting Group,"New Delhi, Delhi",Posted30+ days ago,N/A
300,https://in.indeed.com//rc/clk?jk=b4f7cc801d3b7be9&fccid=3e093dcca6523ac0&vjs=3,Big data engineer (PBI/ Tableau/ Microstrategy/ SSRS),forstaffing india,"Noida, Uttar Pradesh",Posted30+ days ago,N/A
301,https://in.indeed.com//rc/clk?jk=ba3992342a1af809&fccid=c657004775716cc5&vjs=3,Data Scientist/Analytics Engineer - Machine Learning/Predict...,Suntec Web Services,"New Delhi, Delhi",Posted30+ days ago,N/A
302,https://in.indeed.com//rc/clk?jk=13595d4af208d315&fccid=c92aa478d89f2b69&vjs=3,"Business Intelligence Manager, Product Analytics",Flyhomes India,"Noida, Uttar Pradesh",Posted18 days ago,N/A
303,https://in.indeed.com//rc/clk?jk=eb4417a4d21f211e&fccid=faafb1e3608f262f&vjs=3,AI ML - Solution Architect or Senior Data Analyst,Mothersonsumi INfotech & Designs,"Noida, Uttar Pradesh",Posted18 days ago,N/A
304,https://in.indeed.com//rc/clk?jk=db87018c770707f1&fccid=1544766d4c2915b0&vjs=3,newSaT_DnA_DE_Senior Analyst_Core,EY,"Noida, Uttar Pradesh",Posted7 days ago,N/A
305,https://in.indeed.com//rc/clk?jk=52ad27d03f32b903&fccid=ce4e7195ecb293be&vjs=3,Senior Software Engineer - ETL/Power BI/DOCKER ( 6-8 Years ),R Systems,"Noida, Uttar Pradesh",Posted30+ days ago,N/A
306,https://in.indeed.com//rc/clk?jk=724b907b80fb1661&fccid=f8b265243da9f9d7&vjs=3,bi senior developer,Randstad,"Noida, Uttar Pradesh",Posted30+ days ago,N/A
307,https://in.indeed.com//rc/clk?jk=73d4259fd0e66b91&fccid=424b9d5ffaae8f0b&vjs=3,Oracle HCM BI Technical Lead/Manager,Technip Energies,"Noida, Uttar Pradesh",Posted30+ days ago,N/A
308,https://in.indeed.com//pagead/clk?mo=r&ad=-6NYlbfkN0BRT_J8tESNZROimpc0WyD7EGfhllYDKcBPIyLxids1Tds0XE-AWRCee3Hrfxz-ITHByRiJznCkVj4y72847kbvKt0ICqQUtAoOI5RQ3vYGgkOLccmtnDSMlEroWEevZQyPwtdkX9QA8p7JbrIS4JNOSop1SZ9DaMrE5UmmjCZWg-QGPzHvb5ZSVx77GlVuBblIlRoXKHiOPcCg0hrgZnLQbEsdIS2bcqaKu30tVWtsZlbUfqp9-1eZ15sa4dsrkPeI6DYFRyf_vG-Y2Cj-Ev0tTCEHc0FWkO-KGMBGLug07rMeGAMgGmRa9AB2acPxdwy7tz3YXqhp3nrRYxd-AXLIhcR1lEtLjaZoljI6CUd_6vlnbUi6z_hndUDTL8Xn2qgCojxd9iN2Of3KWXRp_SxOCa5thmdJldYisj8q9pNMtShiKt0dIn8XaKDmKLV3fWIi2OuFNOYZn7VXEYWvhQ0hmP1gekWXnGE=&p=7&fvj=0&vjs=3,newIT HR Senior Business Analyst,Boston Consulting Group,"New Delhi, Delhi",Posted8 days ago,N/A
309,https://in.indeed.com//rc/clk?jk=1919eef0ef326a10&fccid=49edf7ec660670a1&vjs=3,Software/Senior Software Engineer- Data Analytics,PubMatic,"Temporarily Remote in New Delhi, Delhi",Posted21 days ago,N/A
310,https://in.indeed.com//pagead/clk?mo=r&ad=-6NYlbfkN0BRT_J8tESNZROimpc0WyD7EGfhllYDKcBPIyLxids1Tds0XE-AWRCee3Hrfxz-ITHKTJBiA-Eoohq1h1wmP37zT5WzqpqH1McQgi8c-OwmutE1Fk8G4V0Wa8olvfwjBmZ0Ud9gdeBCZ4TV_r-rzzc0qwSqC2DDH2NWOWG_OvgzczAv2Yj-eqNvlhfcxI1ZealmOUvIchBRx28hvXQsuwTgiUBZX2F4bZJ_rJKfc2n_4u0_ItaDpsaa_OTYsVfP3Jub7arkdaH_dSKMZkzsoPKvDQwM2_hDSB7m3Qowqrp51kbbwGkxiKY8Ih4ULCSKlc2GoT3C5fCachhd9soIgh1eN4kvZxelG0vrH1DZZ4UY32ZzKshDefI9UDHDkNaBW9JYI85rndyjrjYnB2Rww67p_k-J1qQihDIJfKjyxnJgOe7KsejlH3U-hpJRCUxfWjP_bqsDZpq7VvdGEFDjZxYqz1RAglGqOq4=&p=9&fvj=0&vjs=3,Lead Visual Engineer/Analyst,Boston Consulting Group,"New Delhi, Delhi",Posted30+ days ago,N/A
311,https://in.indeed.com//rc/clk?jk=c9139227ffd6c8cf&fccid=0b5620ad3cf68706&vjs=3,QA Analyst (Software Tester)- Manual/Automation/Database,Glan Management Consultancy,"Ghaziabad, Uttar Pradesh",Posted30+ days ago,N/A
312,https://in.indeed.com//rc/clk?jk=999e8787afa5631c&fccid=a0f16c8c7f9205c3&vjs=3,newPrincipal Software Engineer - Data Analytics,RS Consultants,"New Delhi, Delhi",Posted4 days ago,N/A
313,https://in.indeed.com//rc/clk?jk=8740351708cb6106&fccid=49edf7ec660670a1&vjs=3,Principal Software Engineer - Data Analytics,PubMatic,"Temporarily Remote in New Delhi, Delhi",Posted21 days ago,N/A
